185,209,196,142,52,143,231,113,250,70,74,119,161,120,251,7,
185,209,196,142,52,143,231,113,250,70,74,119,161,120,251,7,
220,254,173,80,209,217,253,8,179,134,239,176,139,20,47,116,
76,253,164,195,7,97,87,245,129,183,30,70,232,203,86,117,
37,56,104,183,158,124,49,224,211,188,219,174,159,55,229,229,
22,214,43,164,211,56,255,123,166,184,207,25,186,183,32,231,
48,122,138,83,171,119,213,207,203,195,240,75,133,169,85,73,
210,56,47,17,159,177,161,237,56,237,17,230,173,24,38,27,
156,243,125,37,173,145,57,158,1,92,217,15,72,180,245,253,
99,133,71,129,136,14,71,126,216,156,26,190,102,238,33,179,
157,212,175,145,44,47,155,64,255,145,16,67,215,145,165,132,
248,19,131,39,208,164,147,141,172,254,77,16,119,123,55,18,
58,38,114,115,5,99,208,51,233,7,130,246,254,4,167,71,
247,150,197,82,107,249,226,249,65,33,229,45,226,139,200,131,
90,253,8,177,31,49,127,148,66,79,61,200,34,156,143,167,
87,5,24,224,181,228,166,65,67,121,50,227,125,163,81,94,
62,254,156,0,251,246,40,197,23,48,16,28,187,26,214,164,
146,61,214,220,114,232,205,117,87,199,109,165,255,155,22,159,
253,223,138,35,0,142,172,97,221,83,201,133,212,138,133,41,
162,141,80,63,204,117,235,86,49,38,169,52,136,130,197,123,
25,112,30,220,143,179,164,3,145,117,254,31,30,72,161,204,
65,67,3,114,75,214,210,135,243,51,242,218,229,119,216,91,
141,77,107,100,107,169,153,238,233,76,174,87,119,204,55,232,
133,220,243,69,127,83,48,66,157,150,232,92,193,201,30,26,
157,163,146,208,221,61,96,151,169,20,136,254,40,123,16,38,
252,9,85,8,132,146,219,57,29,40,198,213,193,61,44,31,
46,147,186,212,58,102,11,71,124,91,155,106,203,49,26,34,
134,193,95,184,116,21,149,10,199,88,179,181,118,139,214,108,
231,104,208,148,192,59,236,149,253,13,140,41,247,113,110,236,
14,163,78,255,221,116,170,24,254,176,13,225,179,86,208,240,
132,47,130,98,96,133,98,74,213,202,186,103,137,108,18,85,
234,198,166,210,60,214,142,115,190,184,150,16,46,10,226,167,
60,156,164,200,238,11,139,136,65,4,42,19,185,67,142,145,
157,183,247,236,175,254,180,174,160,15,164,167,238,82,27,202,
232,19,43,237,200,74,102,222,58,30,144,56,172,123,185,123,
41,5,114,119,19,245,248,62,232,246,39,223,103,227,154,239,
232,96,43,166,23,161,200,82,80,24,177,145,109,123,2,36,
85,41,126,233,223,164,183,242,26,236,5,210,35,135,119,87,
132,161,79,75,80,18,99,135,60,32,38,250,67,102,209,108,
185,209,196,142,52,143,231,113,250,70,74,119,161,120,251,7,
185,209,196,142,52,143,231,113,250,70,74,119,161,120,251,7,
185,209,196,142,52,143,231,113,250,70,74,119,161,120,251,7,
185,209,196,142,52,143,231,113,250,70,74,119,161,120,251,7,
185,209,196,142,52,143,231,113,250,70,74,119,161,120,251,7,
185,209,196,142,52,143,231,113,250,70,74,119,161,120,251,7,
185,209,196,142,52,143,231,113,250,70,74,119,161,120,251,7,
185,209,196,142,52,143,231,113,250,70,74,119,161,120,251,7,
220,254,173,80,209,217,253,8,179,134,239,176,139,20,47,116,
76,253,164,195,7,97,87,245,129,183,30,70,232,203,86,117,
37,56,104,183,158,124,49,224,211,188,219,174,159,55,229,229,
22,214,43,164,211,56,255,123,166,184,207,25,186,183,32,231,
48,122,138,83,171,119,213,207,203,195,240,75,133,169,85,73,
210,56,47,17,159,177,161,237,56,237,17,230,173,24,38,27,
156,243,125,37,173,145,57,158,1,92,217,15,72,180,245,253,
99,133,71,129,136,14,71,126,216,156,26,190,102,238,33,179,
157,212,175,145,44,47,155,64,255,145,16,67,215,145,165,132,
248,19,131,39,208,164,147,141,172,254,77,16,119,123,55,18,
58,38,114,115,5,99,208,51,233,7,130,246,254,4,167,71,
247,150,197,82,107,249,226,249,65,33,229,45,226,139,200,131,
90,253,8,177,31,49,127,148,66,79,61,200,34,156,143,167,
87,5,24,224,181,228,166,65,67,121,50,227,125,163,81,94,
62,254,156,0,251,246,40,197,23,48,16,28,187,26,214,164,
146,61,214,220,114,232,205,117,87,199,109,165,255,155,22,159,
253,223,138,35,0,142,172,97,221,83,201,133,212,138,133,41,
162,141,80,63,204,117,235,86,49,38,169,52,136,130,197,123,
25,112,30,220,143,179,164,3,145,117,254,31,30,72,161,204,
65,67,3,114,75,214,210,135,243,51,242,218,229,119,216,91,
141,77,107,100,107,169,153,238,233,76,174,87,119,204,55,232,
133,220,243,69,127,83,48,66,157,150,232,92,193,201,30,26,
157,163,146,208,221,61,96,151,169,20,136,254,40,123,16,38,
252,9,85,8,132,146,219,57,29,40,198,213,193,61,44,31,
46,147,186,212,58,102,11,71,124,91,155,106,203,49,26,34,
134,193,95,184,116,21,149,10,199,88,179,181,118,139,214,108,
231,104,208,148,192,59,236,149,253,13,140,41,247,113,110,236,
14,163,78,255,221,116,170,24,254,176,13,225,179,86,208,240,
132,47,130,98,96,133,98,74,213,202,186,103,137,108,18,85,
234,198,166,210,60,214,142,115,190,184,150,16,46,10,226,167,
185,209,196,142,52,143,231,113,250,70,74,119,161,120,251,7,
220,254,173,80,209,217,253,8,179,134,239,176,139,20,47,116,
76,253,164,195,7,97,87,245,129,183,30,70,232,203,86,117,
37,56,104,183,158,124,49,224,211,188,219,174,159,55,229,229,
22,214,43,164,211,56,255,123,166,184,207,25,186,183,32,231,
48,122,138,83,171,119,213,207,203,195,240,75,133,169,85,73,
210,56,47,17,159,177,161,237,56,237,17,230,173,24,38,27,
156,243,125,37,173,145,57,158,1,92,217,15,72,180,245,253,
99,133,71,129,136,14,71,126,216,156,26,190,102,238,33,179,
157,212,175,145,44,47,155,64,255,145,16,67,215,145,165,132,
248,19,131,39,208,164,147,141,172,254,77,16,119,123,55,18,
58,38,114,115,5,99,208,51,233,7,130,246,254,4,167,71,
247,150,197,82,107,249,226,249,65,33,229,45,226,139,200,131,
90,253,8,177,31,49,127,148,66,79,61,200,34,156,143,167,
87,5,24,224,181,228,166,65,67,121,50,227,125,163,81,94,
62,254,156,0,251,246,40,197,23,48,16,28,187,26,214,164,
146,61,214,220,114,232,205,117,87,199,109,165,255,155,22,159,
253,223,138,35,0,142,172,97,221,83,201,133,212,138,133,41,
162,141,80,63,204,117,235,86,49,38,169,52,136,130,197,123,
25,112,30,220,143,179,164,3,145,117,254,31,30,72,161,204,
65,67,3,114,75,214,210,135,243,51,242,218,229,119,216,91,
141,77,107,100,107,169,153,238,233,76,174,87,119,204,55,232,
133,220,243,69,127,83,48,66,157,150,232,92,193,201,30,26,
157,163,146,208,221,61,96,151,169,20,136,254,40,123,16,38,
252,9,85,8,132,146,219,57,29,40,198,213,193,61,44,31,
46,147,186,212,58,102,11,71,124,91,155,106,203,49,26,34,
134,193,95,184,116,21,149,10,199,88,179,181,118,139,214,108,
231,104,208,148,192,59,236,149,253,13,140,41,247,113,110,236,
14,163,78,255,221,116,170,24,254,176,13,225,179,86,208,240,
132,47,130,98,96,133,98,74,213,202,186,103,137,108,18,85,
234,198,166,210,60,214,142,115,190,184,150,16,46,10,226,167,
60,156,164,200,238,11,139,136,65,4,42,19,185,67,142,145,
157,183,247,236,175,254,180,174,160,15,164,167,238,82,27,202,
232,19,43,237,200,74,102,222,58,30,144,56,172,123,185,123,
41,5,114,119,19,245,248,62,232,246,39,223,103,227,154,239,
232,96,43,166,23,161,200,82,80,24,177,145,109,123,2,36,
85,41,126,233,223,164,183,242,26,236,5,210,35,135,119,87,
132,161,79,75,80,18,99,135,60,32,38,250,67,102,209,108,
244,3,138,62,101,176,16,68,168,56,139,43,156,246,47,201,
160,90,13,203,44,182,212,66,198,246,172,191,125,188,174,180,
27,152,222,32,252,57,241,211,145,11,162,23,134,56,235,70,
240,93,90,233,89,5,64,61,46,71,120,110,4,81,198,236,
138,215,15,3,23,15,204,103,104,57,58,33,19,188,187,141,
11,102,206,32,98,197,90,21,88,160,241,181,193,130,207,63,
68,182,141,175,40,231,46,225,144,242,128,31,202,31,42,114,
139,234,99,157,130,166,138,197,125,249,171,118,29,23,165,230,
106,250,220,93,46,12,101,36,55,236,143,111,68,58,75,57,
118,126,41,215,31,49,189,158,44,200,50,46,60,183,195,121,
77,154,181,207,66,205,68,127,132,62,102,150,22,26,128,66,
174,113,0,159,237,206,198,57,61,62,48,101,218,54,232,127,
40,22,34,170,133,123,247,169,58,170,82,224,202,39,135,17,
72,239,128,202,183,36,140,127,211,124,146,4,156,222,164,77,
86,231,109,0,248,214,188,51,121,87,100,66,123,230,110,22,
182,30,29,234,182,29,199,3,137,163,214,9,232,243,12,92,
5,4,137,227,185,135,25,113,51,77,81,96,192,74,3,237,
13,124,77,125,192,186,151,57,31,105,118,84,0,179,74,134,
74,8,60,118,92,139,92,46,4,172,183,105,204,103,67,63,
159,232,251,108,165,142,155,75,109,80,196,80,17,196,113,127,
2,202,21,184,13,141,145,130,31,31,121,20,3,45,109,183,
38,54,181,23,183,221,225,188,108,241,8,11,199,12,29,64,
58,55,102,1,81,139,49,18,87,121,77,134,21,134,71,63,
227,12,41,218,15,90,200,37,233,89,75,28,132,133,187,18,
2,56,218,204,199,107,102,154,4,162,191,61,143,90,166,229,
169,200,40,186,226,66,48,224,110,65,24,248,64,21,142,209,
190,58,132,220,172,123,120,120,166,143,214,109,154,138,149,142,
178,101,115,187,93,0,48,191,8,249,93,133,82,109,90,239,
20,238,127,85,214,202,56,46,80,176,20,83,108,195,69,227,
171,138,70,218,162,211,116,189,10,196,212,179,29,243,37,56,
52,230,88,172,11,64,183,231,45,68,107,173,235,220,83,68,
179,122,217,199,38,128,77,64,121,193,74,18,246,133,16,93,
138,220,30,133,106,153,216,107,210,94,173,93,104,199,210,45,
112,143,255,163,25,94,18,180,153,24,50,73,245,165,241,167,
51,14,34,15,190,206,218,26,161,109,244,200,211,239,216,177,
239,29,161,102,134,109,67,44,201,106,235,82,102,143,118,45,
108,5,41,90,164,194,111,162,181,228,1,171,105,74,225,170,
63,128,89,216,4,139,32,198,202,246,69,83,227,135,179,18,
247,199,91,205,197,126,13,44,173,255,177,161,108,152,194,127,
137,64,18,230,53,158,40,225,229,99,143,173,125,27,190,45,
49,239,180,161,238,19,228,192,115,44,42,5,217,126,90,50,
51,197,202,162,117,205,220,88,159,122,231,98,238,95,175,146,
64,132,112,124,227,33,144,117,92,82,114,9,115,35,7,102,
8,93,121,183,80,28,184,100,18,91,2,116,43,129,209,20,
125,152,196,85,14,221,78,18,52,85,69,34,90,211,229,123,
114,129,89,145,229,247,65,36,204,12,106,136,31,27,73,218,
128,94,139,219,95,177,88,43,14,103,130,251,214,149,9,62,
118,134,2,170,39,64,46,133,86,159,137,2,115,197,242,24,
11,107,162,252,71,9,28,192,40,46,131,125,116,70,78,54,
2,43,18,153,25,158,178,64,47,6,133,191,40,86,184,72,
116,105,239,107,242,13,247,109,105,65,129,249,188,176,16,16,
81,82,255,71,179,89,255,109,184,98,204,65,131,93,152,210,
117,58,9,10,86,227,68,245,52,165,47,216,28,185,131,126,
245,117,109,213,86,112,149,26,106,130,178,143,64,181,233,12,
169,175,131,130,167,5,185,110,14,10,19,14,42,39,80,254,
223,77,75,14,239,194,123,4,165,238,160,212,48,181,180,126,
187,34,46,109,53,0,214,240,187,255,199,76,93,134,240,67,
49,179,175,242,106,218,28,230,51,127,221,185,101,228,61,88,
85,149,82,7,248,227,201,223,119,91,82,240,250,47,167,30,
254,92,162,124,5,194,19,225,6,71,57,182,35,29,138,215,
193,110,247,200,52,232,75,78,234,208,123,15,136,44,236,4,
215,190,187,8,66,193,83,147,129,113,1,176,169,19,188,90,
208,123,47,139,56,223,234,21,17,83,145,52,70,4,88,218,
91,53,222,100,97,130,148,255,27,99,70,195,230,154,165,215,
20,33,62,12,252,96,203,248,212,165,246,238,47,30,76,124,
24,39,84,115,52,87,248,78,230,47,112,212,152,38,46,119,
174,186,32,37,198,76,221,251,105,229,143,187,139,166,208,252,
23,201,170,191,69,50,162,188,40,239,38,205,239,247,96,173,
119,127,63,117,253,39,182,204,74,89,9,79,199,61,195,64,
95,116,189,206,123,111,49,123,23,100,252,214,38,15,12,114,
133,226,68,11,102,91,254,239,19,222,116,236,40,83,244,235,
44,230,110,123,58,146,49,7,78,196,93,153,42,223,166,58,
76,151,202,229,248,183,217,3,117,205,186,157,250,68,83,196,
111,17,169,64,161,145,55,242,176,60,189,162,253,100,196,51,
56,58,159,145,137,15,242,117,12,106,5,109,215,148,12,10,
112,152,42,25,54,102,153,187,95,215,53,187,250,54,5,16,
8,135,100,192,164,193,58,95,30,52,51,54,139,202,27,27,
48,179,49,101,58,171,253,210,160,228,50,178,218,54,123,213,
100,244,100,79,48,76,101,175,94,202,251,1,50,98,48,148,
187,25,139,70,5,160,214,93,137,145,31,192,142,136,133,231,
185,93,210,151,102,203,234,227,77,129,6,111,176,251,160,62,
179,158,246,192,170,52,208,195,29,7,198,158,44,165,33,213,
69,19,72,212,144,152,46,240,46,168,249,131,154,103,172,142,
185,209,196,142,52,143,231,113,250,70,74,119,161,120,251,7,
220,254,173,80,209,217,253,8,179,134,239,176,139,20,47,116,
76,253,164,195,7,97,87,245,129,183,30,70,232,203,86,117,
37,56,104,183,158,124,49,224,211,188,219,174,159,55,229,229,
22,214,43,164,211,56,255,123,166,184,207,25,186,183,32,231,
48,122,138,83,171,119,213,207,203,195,240,75,133,169,85,73,
210,56,47,17,159,177,161,237,56,237,17,230,173,24,38,27,
156,243,125,37,173,145,57,158,1,92,217,15,72,180,245,253,
99,133,71,129,136,14,71,126,216,156,26,190,102,238,33,179,
157,212,175,145,44,47,155,64,255,145,16,67,215,145,165,132,
248,19,131,39,208,164,147,141,172,254,77,16,119,123,55,18,
58,38,114,115,5,99,208,51,233,7,130,246,254,4,167,71,
247,150,197,82,107,249,226,249,65,33,229,45,226,139,200,131,
90,253,8,177,31,49,127,148,66,79,61,200,34,156,143,167,
87,5,24,224,181,228,166,65,67,121,50,227,125,163,81,94,
62,254,156,0,251,246,40,197,23,48,16,28,187,26,214,164,
146,61,214,220,114,232,205,117,87,199,109,165,255,155,22,159,
253,223,138,35,0,142,172,97,221,83,201,133,212,138,133,41,
162,141,80,63,204,117,235,86,49,38,169,52,136,130,197,123,
25,112,30,220,143,179,164,3,145,117,254,31,30,72,161,204,
65,67,3,114,75,214,210,135,243,51,242,218,229,119,216,91,
141,77,107,100,107,169,153,238,233,76,174,87,119,204,55,232,
133,220,243,69,127,83,48,66,157,150,232,92,193,201,30,26,
157,163,146,208,221,61,96,151,169,20,136,254,40,123,16,38,
252,9,85,8,132,146,219,57,29,40,198,213,193,61,44,31,
46,147,186,212,58,102,11,71,124,91,155,106,203,49,26,34,
134,193,95,184,116,21,149,10,199,88,179,181,118,139,214,108,
231,104,208,148,192,59,236,149,253,13,140,41,247,113,110,236,
14,163,78,255,221,116,170,24,254,176,13,225,179,86,208,240,
132,47,130,98,96,133,98,74,213,202,186,103,137,108,18,85,
234,198,166,210,60,214,142,115,190,184,150,16,46,10,226,167,
60,156,164,200,238,11,139,136,65,4,42,19,185,67,142,145,
157,183,247,236,175,254,180,174,160,15,164,167,238,82,27,202,
232,19,43,237,200,74,102,222,58,30,144,56,172,123,185,123,
41,5,114,119,19,245,248,62,232,246,39,223,103,227,154,239,
232,96,43,166,23,161,200,82,80,24,177,145,109,123,2,36,
85,41,126,233,223,164,183,242,26,236,5,210,35,135,119,87,
132,161,79,75,80,18,99,135,60,32,38,250,67,102,209,108,
244,3,138,62,101,176,16,68,168,56,139,43,156,246,47,201,
160,90,13,203,44,182,212,66,198,246,172,191,125,188,174,180,
27,152,222,32,252,57,241,211,145,11,162,23,134,56,235,70,
240,93,90,233,89,5,64,61,46,71,120,110,4,81,198,236,
138,215,15,3,23,15,204,103,104,57,58,33,19,188,187,141,
11,102,206,32,98,197,90,21,88,160,241,181,193,130,207,63,
185,209,196,142,52,143,231,113,250,70,74,119,161,120,251,7,
220,254,173,80,209,217,253,8,179,134,239,176,139,20,47,116,
76,253,164,195,7,97,87,245,129,183,30,70,232,203,86,117,
37,56,104,183,158,124,49,224,211,188,219,174,159,55,229,229,
22,214,43,164,211,56,255,123,166,184,207,25,186,183,32,231,
48,122,138,83,171,119,213,207,203,195,240,75,133,169,85,73,
210,56,47,17,159,177,161,237,56,237,17,230,173,24,38,27,
156,243,125,37,173,145,57,158,1,92,217,15,72,180,245,253,
99,133,71,129,136,14,71,126,216,156,26,190,102,238,33,179,
157,212,175,145,44,47,155,64,255,145,16,67,215,145,165,132,
248,19,131,39,208,164,147,141,172,254,77,16,119,123,55,18,
58,38,114,115,5,99,208,51,233,7,130,246,254,4,167,71,
247,150,197,82,107,249,226,249,65,33,229,45,226,139,200,131,
90,253,8,177,31,49,127,148,66,79,61,200,34,156,143,167,
87,5,24,224,181,228,166,65,67,121,50,227,125,163,81,94,
62,254,156,0,251,246,40,197,23,48,16,28,187,26,214,164,
146,61,214,220,114,232,205,117,87,199,109,165,255,155,22,159,
253,223,138,35,0,142,172,97,221,83,201,133,212,138,133,41,
162,141,80,63,204,117,235,86,49,38,169,52,136,130,197,123,
25,112,30,220,143,179,164,3,145,117,254,31,30,72,161,204,
65,67,3,114,75,214,210,135,243,51,242,218,229,119,216,91,
141,77,107,100,107,169,153,238,233,76,174,87,119,204,55,232,
133,220,243,69,127,83,48,66,157,150,232,92,193,201,30,26,
157,163,146,208,221,61,96,151,169,20,136,254,40,123,16,38,
252,9,85,8,132,146,219,57,29,40,198,213,193,61,44,31,
46,147,186,212,58,102,11,71,124,91,155,106,203,49,26,34,
134,193,95,184,116,21,149,10,199,88,179,181,118,139,214,108,
231,104,208,148,192,59,236,149,253,13,140,41,247,113,110,236,
14,163,78,255,221,116,170,24,254,176,13,225,179,86,208,240,
132,47,130,98,96,133,98,74,213,202,186,103,137,108,18,85,
234,198,166,210,60,214,142,115,190,184,150,16,46,10,226,167,
60,156,164,200,238,11,139,136,65,4,42,19,185,67,142,145,
157,183,247,236,175,254,180,174,160,15,164,167,238,82,27,202,
232,19,43,237,200,74,102,222,58,30,144,56,172,123,185,123,
41,5,114,119,19,245,248,62,232,246,39,223,103,227,154,239,
232,96,43,166,23,161,200,82,80,24,177,145,109,123,2,36,
85,41,126,233,223,164,183,242,26,236,5,210,35,135,119,87,
132,161,79,75,80,18,99,135,60,32,38,250,67,102,209,108,
244,3,138,62,101,176,16,68,168,56,139,43,156,246,47,201,
160,90,13,203,44,182,212,66,198,246,172,191,125,188,174,180,
27,152,222,32,252,57,241,211,145,11,162,23,134,56,235,70,
240,93,90,233,89,5,64,61,46,71,120,110,4,81,198,236,
138,215,15,3,23,15,204,103,104,57,58,33,19,188,187,141,
11,102,206,32,98,197,90,21,88,160,241,181,193,130,207,63,
68,182,141,175,40,231,46,225,144,242,128,31,202,31,42,114,
139,234,99,157,130,166,138,197,125,249,171,118,29,23,165,230,
106,250,220,93,46,12,101,36,55,236,143,111,68,58,75,57,
118,126,41,215,31,49,189,158,44,200,50,46,60,183,195,121,
77,154,181,207,66,205,68,127,132,62,102,150,22,26,128,66,
174,113,0,159,237,206,198,57,61,62,48,101,218,54,232,127,
40,22,34,170,133,123,247,169,58,170,82,224,202,39,135,17,
72,239,128,202,183,36,140,127,211,124,146,4,156,222,164,77,
86,231,109,0,248,214,188,51,121,87,100,66,123,230,110,22,
182,30,29,234,182,29,199,3,137,163,214,9,232,243,12,92,
5,4,137,227,185,135,25,113,51,77,81,96,192,74,3,237,
13,124,77,125,192,186,151,57,31,105,118,84,0,179,74,134,
74,8,60,118,92,139,92,46,4,172,183,105,204,103,67,63,
159,232,251,108,165,142,155,75,109,80,196,80,17,196,113,127,
2,202,21,184,13,141,145,130,31,31,121,20,3,45,109,183,
38,54,181,23,183,221,225,188,108,241,8,11,199,12,29,64,
58,55,102,1,81,139,49,18,87,121,77,134,21,134,71,63,
227,12,41,218,15,90,200,37,233,89,75,28,132,133,187,18,
2,56,218,204,199,107,102,154,4,162,191,61,143,90,166,229,
169,200,40,186,226,66,48,224,110,65,24,248,64,21,142,209,
190,58,132,220,172,123,120,120,166,143,214,109,154,138,149,142,
178,101,115,187,93,0,48,191,8,249,93,133,82,109,90,239,
20,238,127,85,214,202,56,46,80,176,20,83,108,195,69,227,
171,138,70,218,162,211,116,189,10,196,212,179,29,243,37,56,
52,230,88,172,11,64,183,231,45,68,107,173,235,220,83,68,
179,122,217,199,38,128,77,64,121,193,74,18,246,133,16,93,
138,220,30,133,106,153,216,107,210,94,173,93,104,199,210,45,
112,143,255,163,25,94,18,180,153,24,50,73,245,165,241,167,
51,14,34,15,190,206,218,26,161,109,244,200,211,239,216,177,
239,29,161,102,134,109,67,44,201,106,235,82,102,143,118,45,
108,5,41,90,164,194,111,162,181,228,1,171,105,74,225,170,
63,128,89,216,4,139,32,198,202,246,69,83,227,135,179,18,
247,199,91,205,197,126,13,44,173,255,177,161,108,152,194,127,
137,64,18,230,53,158,40,225,229,99,143,173,125,27,190,45,
49,239,180,161,238,19,228,192,115,44,42,5,217,126,90,50,
51,197,202,162,117,205,220,88,159,122,231,98,238,95,175,146,
64,132,112,124,227,33,144,117,92,82,114,9,115,35,7,102,
8,93,121,183,80,28,184,100,18,91,2,116,43,129,209,20,
125,152,196,85,14,221,78,18,52,85,69,34,90,211,229,123,
114,129,89,145,229,247,65,36,204,12,106,136,31,27,73,218,
128,94,139,219,95,177,88,43,14,103,130,251,214,149,9,62,
118,134,2,170,39,64,46,133,86,159,137,2,115,197,242,24,
11,107,162,252,71,9,28,192,40,46,131,125,116,70,78,54,
2,43,18,153,25,158,178,64,47,6,133,191,40,86,184,72,
116,105,239,107,242,13,247,109,105,65,129,249,188,176,16,16,
81,82,255,71,179,89,255,109,184,98,204,65,131,93,152,210,
117,58,9,10,86,227,68,245,52,165,47,216,28,185,131,126,
245,117,109,213,86,112,149,26,106,130,178,143,64,181,233,12,
169,175,131,130,167,5,185,110,14,10,19,14,42,39,80,254,
223,77,75,14,239,194,123,4,165,238,160,212,48,181,180,126,
187,34,46,109,53,0,214,240,187,255,199,76,93,134,240,67,
49,179,175,242,106,218,28,230,51,127,221,185,101,228,61,88,
85,149,82,7,248,227,201,223,119,91,82,240,250,47,167,30,
254,92,162,124,5,194,19,225,6,71,57,182,35,29,138,215,
193,110,247,200,52,232,75,78,234,208,123,15,136,44,236,4,
215,190,187,8,66,193,83,147,129,113,1,176,169,19,188,90,
208,123,47,139,56,223,234,21,17,83,145,52,70,4,88,218,
91,53,222,100,97,130,148,255,27,99,70,195,230,154,165,215,
20,33,62,12,252,96,203,248,212,165,246,238,47,30,76,124,
24,39,84,115,52,87,248,78,230,47,112,212,152,38,46,119,
174,186,32,37,198,76,221,251,105,229,143,187,139,166,208,252,
23,201,170,191,69,50,162,188,40,239,38,205,239,247,96,173,
119,127,63,117,253,39,182,204,74,89,9,79,199,61,195,64,
95,116,189,206,123,111,49,123,23,100,252,214,38,15,12,114,
133,226,68,11,102,91,254,239,19,222,116,236,40,83,244,235,
44,230,110,123,58,146,49,7,78,196,93,153,42,223,166,58,
76,151,202,229,248,183,217,3,117,205,186,157,250,68,83,196,
111,17,169,64,161,145,55,242,176,60,189,162,253,100,196,51,
56,58,159,145,137,15,242,117,12,106,5,109,215,148,12,10,
112,152,42,25,54,102,153,187,95,215,53,187,250,54,5,16,
8,135,100,192,164,193,58,95,30,52,51,54,139,202,27,27,
48,179,49,101,58,171,253,210,160,228,50,178,218,54,123,213,
100,244,100,79,48,76,101,175,94,202,251,1,50,98,48,148,
187,25,139,70,5,160,214,93,137,145,31,192,142,136,133,231,
185,93,210,151,102,203,234,227,77,129,6,111,176,251,160,62,
179,158,246,192,170,52,208,195,29,7,198,158,44,165,33,213,
69,19,72,212,144,152,46,240,46,168,249,131,154,103,172,142,
241,225,12,240,145,196,61,132,141,14,121,94,5,75,183,168,
96,49,42,156,178,203,173,27,111,6,145,2,58,76,41,182,
90,55,173,75,153,48,67,128,214,195,70,129,31,207,234,226,
241,81,34,105,60,15,219,37,51,241,128,139,50,58,73,64,
229,194,3,205,158,107,14,47,237,169,198,238,132,44,251,159,
28,175,17,233,41,192,121,75,92,135,23,168,175,184,78,155,
122,6,156,92,204,28,68,133,66,243,124,147,73,236,161,7,
245,225,111,131,40,96,22,37,73,184,112,22,84,102,127,52,
91,42,116,126,144,159,211,255,106,140,166,54,67,230,2,112,
230,15,178,206,73,202,114,25,239,118,19,19,171,45,48,219,
115,71,56,30,119,34,119,86,13,111,24,156,185,223,225,99,
182,0,48,68,179,176,234,144,183,91,142,25,140,191,83,61,
91,203,195,252,173,227,248,195,152,92,193,218,178,214,96,15,
149,176,93,171,252,235,39,194,93,168,102,28,147,93,201,77,
28,219,64,238,28,229,181,210,7,108,172,87,239,16,222,225,
250,127,132,219,98,167,64,112,163,1,158,5,125,220,47,58,
146,115,189,215,149,114,243,175,250,138,163,143,62,208,210,77,
202,132,33,20,217,238,235,116,154,208,75,27,70,176,85,43,
61,114,196,124,82,6,75,136,140,212,225,216,4,176,49,210,
46,81,58,249,186,26,96,164,136,73,60,197,39,215,104,73,
53,120,82,204,12,85,250,195,57,153,136,4,12,18,112,233,
158,120,236,245,117,91,112,34,17,31,244,9,202,133,97,180,
107,151,163,139,94,101,197,216,86,119,192,32,146,91,152,117,
217,83,39,174,235,115,211,217,8,48,187,236,97,241,248,179,
56,212,153,116,111,228,139,57,179,19,158,254,155,79,144,181,
135,126,48,119,94,179,200,248,196,201,131,46,170,216,119,101,
126,12,232,190,194,35,5,244,199,237,250,215,212,213,61,184,
159,5,101,226,192,129,84,133,11,161,176,165,97,93,143,218,
156,57,127,143,102,209,242,99,121,59,175,112,184,241,35,238,
140,202,142,164,114,148,164,252,184,99,179,33,115,96,147,106,
94,32,59,155,86,174,81,206,18,2,105,133,210,227,205,25,
125,194,25,150,207,234,103,7,148,130,214,3,30,209,239,24,
168,69,18,151,182,136,151,222,120,191,145,112,43,31,42,212,
150,153,164,177,71,252,154,115,184,51,6,212,215,77,176,65,
18,80,220,140,209,53,99,244,42,58,29,15,89,247,220,117,
87,2,109,132,44,62,209,171,170,158,223,131,130,195,6,42,
15,79,93,218,66,158,2,96,53,175,135,12,222,139,25,193,
86,144,124,213,224,43,21,212,127,49,225,51,85,224,114,102,
51,243,255,10,153,2,51,185,255,12,78,124,183,196,204,31,
132,29,44,241,71,49,74,228,58,137,90,16,188,207,11,85,
61,33,216,235,139,15,40,83,93,195,214,211,220,152,29,187,
100,194,174,55,179,128,30,2,168,27,208,15,168,34,252,47,
1,249,63,149,235,224,147,116,245,217,147,131,91,119,8,161,
108,159,172,250,33,211,161,188,2,214,67,112,63,24,171,59,
198,166,209,226,89,135,207,131,46,57,66,218,236,155,167,49,
19,46,163,9,117,2,13,46,88,130,147,21,157,35,53,220,
46,88,189,180,165,37,72,229,208,40,203,231,144,199,207,103,
46,18,93,17,117,161,197,196,152,162,138,214,243,185,230,10,
4,101,171,148,222,242,139,237,230,189,57,77,54,38,157,144,
178,44,230,139,198,36,103,140,146,248,27,2,155,113,241,22,
65,193,227,43,27,59,136,59,134,111,43,184,104,119,142,114,
5,249,36,198,210,90,68,224,254,31,2,229,215,136,82,116,
203,34,11,117,67,114,117,119,163,170,5,87,248,175,35,26,
106,168,253,161,77,43,67,231,124,2,45,251,57,163,100,254,
29,182,236,70,108,24,47,146,132,173,34,39,85,237,231,79,
252,231,123,46,138,177,39,160,222,36,248,64,69,121,62,0,
70,6,57,66,194,221,174,81,121,107,28,159,8,28,145,143,
27,222,255,81,39,53,115,107,143,75,103,71,32,239,77,11,
110,34,225,78,179,165,140,31,56,42,181,31,148,135,152,194,
146,104,36,103,121,236,216,16,147,206,178,119,117,102,48,138,
29,17,48,230,58,66,220,118,81,224,24,253,128,84,215,7,
179,165,180,183,202,230,145,130,73,208,187,229,242,20,169,209,
249,42,1,131,86,177,135,79,140,174,21,152,211,219,143,63,
247,171,195,207,177,121,192,55,127,174,156,106,135,247,132,61,
54,70,3,86,82,83,177,1,30,100,42,27,209,248,174,109,
64,124,237,71,80,218,31,127,106,202,3,167,21,28,200,149,
42,216,97,140,215,57,236,163,249,194,177,77,78,164,102,134,
0,47,41,11,9,60,236,92,39,131,236,136,79,9,236,1,
156,149,241,248,150,33,149,7,143,74,77,142,41,210,49,197,
100,125,167,229,243,189,139,237,235,5,101,84,77,100,83,240,
213,175,176,184,179,109,239,222,153,34,123,190,239,93,51,84,
82,38,35,210,98,6,13,222,9,3,13,145,187,65,186,43,
246,93,184,121,34,120,17,246,141,201,75,209,66,204,254,141,
210,17,1,38,64,129,141,207,162,209,175,176,96,94,34,88,
104,79,200,146,165,185,50,218,21,44,69,153,186,60,156,60,
5,127,191,170,63,147,234,116,207,233,215,80,201,97,150,46,
166,243,105,242,4,108,232,24,223,39,17,19,60,244,20,101,
53,114,170,224,159,120,24,212,100,83,194,187,226,225,16,179,
150,22,242,199,211,170,56,153,150,167,202,23,130,215,56,218,
213,114,27,87,182,181,143,46,219,148,141,176,169,44,53,253,
23,93,125,37,2,76,145,138,57,17,74,248,173,0,81,141,
26,232,230,112,198,185,253,224,134,196,236,62,28,135,239,106,
113,204,0,37,90,19,216,136,224,144,29,165,107,151,128,218,
67,0,149,193,70,196,55,93,96,156,158,61,96,82,110,177,
33,223,134,224,255,44,51,7,15,93,144,53,156,88,116,239,
67,17,251,28,241,46,36,172,149,163,197,189,116,154,39,141,
33,107,131,139,17,160,218,23,205,142,177,232,52,2,193,7,
40,175,249,78,87,82,191,243,187,217,75,92,102,117,147,117,
53,2,19,48,212,232,221,163,55,228,78,99,124,59,120,147,
226,189,149,196,160,217,54,207,171,144,207,55,84,126,176,87,
251,60,178,50,238,144,51,63,209,86,23,115,3,92,118,128,
97,184,121,169,224,206,212,92,203,68,133,68,25,166,78,184,
51,247,104,64,137,70,164,81,138,86,242,74,193,195,203,79,
25,79,214,156,4,7,118,44,103,85,102,169,11,238,37,43,
7,95,63,12,244,53,246,26,19,40,30,138,219,137,155,8,
120,54,42,201,208,177,180,43,128,59,216,52,224,251,70,156,
48,199,66,97,131,191,90,227,89,187,137,220,233,236,80,221,
185,94,48,213,195,92,91,85,171,20,139,185,93,194,58,24,
226,130,89,20,71,58,132,185,219,70,111,20,40,215,66,147,
234,250,122,129,202,112,216,211,108,237,182,111,51,161,134,151,
128,112,249,102,146,60,150,127,218,119,250,124,236,70,44,211,
209,248,206,98,71,184,77,113,170,134,168,90,131,20,133,57,
192,216,148,183,221,219,0,173,99,251,167,82,118,91,230,37,
192,227,158,59,210,35,79,199,34,136,188,12,147,60,251,197,
241,192,188,20,178,116,245,246,247,32,255,75,17,251,251,78,
159,130,153,160,118,73,103,157,136,204,148,85,30,244,25,39,
255,225,96,182,159,210,115,75,237,168,68,177,36,4,182,39,
141,110,109,17,162,91,79,168,89,30,139,229,224,160,215,3,
7,216,75,47,154,69,174,204,14,78,179,205,5,181,121,132,
21,109,200,176,135,8,132,164,145,184,93,128,71,142,107,77,
209,65,170,75,184,135,141,72,191,160,3,83,168,129,162,163,
165,7,208,114,215,38,124,254,83,167,157,225,231,45,133,128,
227,101,252,196,11,45,203,142,223,128,240,230,5,48,252,16,
22,185,219,64,189,248,117,170,196,171,247,16,233,172,96,146,
26,130,112,66,133,221,152,120,59,65,147,87,53,149,249,35,
171,141,202,46,82,69,194,235,240,82,255,95,53,187,164,50,
31,94,204,130,192,186,138,57,33,99,5,124,100,30,116,47,
178,212,101,92,225,50,63,213,192,132,82,50,221,56,67,128,
157,96,55,214,200,118,99,240,2,145,12,239,64,70,134,210,
221,207,172,96,85,72,81,237,31,246,194,59,104,88,91,232,
32,133,223,4,230,157,102,59,113,116,89,80,37,80,149,121,
253,127,85,13,140,226,42,84,15,73,183,209,180,39,136,170,
54,35,207,187,102,130,235,63,105,112,239,224,238,0,199,206,
97,72,61,232,2,77,92,61,90,138,244,156,229,148,135,73,
236,175,26,1,129,218,18,123,148,21,164,27,242,74,102,14,
130,233,112,107,234,160,167,232,199,145,96,220,142,79,89,212,
232,166,244,62,230,198,77,135,53,194,84,237,168,64,75,15,
36,229,26,252,36,28,94,75,7,49,58,240,121,54,237,68,
187,208,50,75,86,39,39,187,156,232,53,40,76,186,63,134,
69,81,184,168,52,93,175,204,71,168,54,181,140,93,14,255,
213,15,49,216,14,255,185,252,190,94,96,60,230,54,254,77,
241,179,170,40,125,68,15,94,33,102,4,173,240,114,47,63,
218,54,83,61,136,103,120,70,151,188,233,214,252,115,229,17,
170,233,195,216,178,230,129,144,255,211,182,167,251,12,11,75,
46,33,98,175,227,193,196,138,58,100,144,193,90,57,97,174,
128,243,3,7,174,86,140,243,181,195,62,181,176,208,74,139,
176,158,167,219,16,54,45,233,36,57,158,78,86,191,53,197,
114,8,39,7,8,4,157,215,148,110,250,32,130,15,217,105,
25,4,17,188,146,133,157,73,197,25,226,116,184,62,157,245,
141,120,67,167,169,66,130,171,0,207,70,162,59,13,102,21,
96,52,53,81,173,120,51,236,107,221,66,238,34,40,31,86,
209,4,146,9,204,49,192,214,129,102,187,194,62,250,14,184,
179,204,20,132,9,76,72,21,69,86,60,203,0,147,136,216,
176,240,209,55,122,92,72,47,115,94,207,70,188,112,173,112,
207,138,59,85,19,154,77,132,187,124,196,118,244,245,213,238,
222,227,17,78,41,214,61,86,132,229,16,170,124,1,89,212,
168,203,251,118,88,50,197,21,162,76,123,254,152,210,58,126,
136,225,104,217,95,95,70,249,77,228,209,46,138,163,7,186,
35,239,205,40,249,95,149,171,30,252,172,221,90,62,190,177,
171,145,33,155,153,128,117,73,132,2,41,115,97,151,138,255,
68,193,218,168,5,17,133,41,75,188,187,98,179,105,158,14,
37,32,130,249,129,108,33,163,122,132,164,246,54,34,74,135,
113,172,152,153,99,22,172,154,11,248,80,220,196,18,149,27,
100,27,77,64,20,145,125,216,160,55,46,128,109,142,243,41,
113,52,241,6,208,4,170,15,116,232,237,137,28,68,222,103,
238,136,146,27,212,10,114,223,46,192,249,44,232,43,45,124,
4,38,106,144,33,143,74,96,112,62,204,43,163,244,188,91,
89,198,145,228,252,216,85,103,193,17,215,16,10,125,39,72,
187,112,132,245,217,77,70,95,62,50,170,149,61,70,59,58,
4,157,211,33,153,73,128,44,209,3,207,15,183,58,85,243,
23,132,112,51,111,199,130,11,128,50,165,202,45,191,42,122,
213,157,11,108,170,5,174,114,240,88,35,214,126,54,168,4,
220,183,126,185,214,8,203,61,27,199,161,103,163,181,254,17,
216,84,57,26,46,232,72,17,213,254,66,23,163,171,140,73,
137,160,238,118,65,112,164,205,209,205,81,226,100,70,206,59,
89,17,253,42,252,141,214,244,110,109,227,215,197,179,154,111,
59,87,222,3,199,136,208,103,175,108,72,96,151,101,172,142,
47,7,190,146,174,98,76,252,202,249,7,211,140,204,7,30,
51,225,167,13,104,203,115,208,64,149,122,144,68,117,93,8,
193,85,168,190,245,8,193,216,10,225,57,205,128,253,218,227,
100,42,44,181,190,158,38,100,147,237,81,24,232,188,183,84,
156,254,18,55,36,73,40,43,31,206,3,134,146,166,80,67,
186,151,44,26,72,167,74,34,46,67,42,8,182,168,240,77,
42,228,49,129,234,162,190,27,1,0,150,239,154,159,210,237,
157,13,93,80,143,156,11,244,180,239,9,225,30,32,117,118,
222,181,92,173,116,206,89,23,216,16,25,71,17,90,135,143,
112,61,106,169,74,159,190,141,216,61,205,250,153,221,252,225,
139,31,17,229,66,37,121,207,180,70,119,126,131,195,226,89,
104,121,112,224,181,204,43,62,247,207,212,54,0,94,125,251,
20,55,188,241,73,162,76,75,196,155,244,4,39,63,9,21,
90,115,146,31,108,27,43,191,243,211,237,115,80,66,206,86,
200,124,106,75,7,240,16,197,45,37,28,26,215,38,22,184,
197,191,220,140,203,94,143,248,12,252,254,118,181,217,250,129,
204,158,60,171,212,189,13,105,99,205,242,71,255,17,232,204,
188,53,173,145,101,65,138,106,237,114,63,11,242,153,15,83,
42,154,77,57,234,106,227,7,177,114,41,254,107,71,248,251,
20,49,185,128,44,105,28,139,20,210,190,97,126,2,118,201,
189,159,28,100,195,174,226,81,81,165,224,242,24,139,255,165,
121,67,246,193,224,143,39,193,126,194,37,24,172,130,136,174,
252,95,64,203,43,148,55,101,78,104,47,134,136,41,114,136,
211,25,231,59,12,180,233,46,120,91,229,1,137,201,165,206,
28,50,246,185,74,51,121,229,11,145,114,120,96,161,56,85,
79,156,69,147,154,77,162,71,118,18,83,208,174,54,219,132,
194,96,105,86,50,185,61,159,159,2,47,122,66,113,206,215,
34,144,177,237,132,17,52,207,143,175,66,56,223,169,54,213,
181,238,181,255,55,225,34,150,94,165,244,151,29,39,5,5,
68,124,173,29,132,238,0,176,43,153,198,131,118,5,191,245,
203,90,197,84,187,206,159,64,110,27,142,223,29,157,177,104,
169,61,243,99,252,24,80,198,237,4,212,157,26,158,32,89,
229,254,203,195,97,177,73,118,220,108,175,105,96,33,146,142,
232,94,218,56,18,91,248,179,10,254,102,183,250,1,37,208,
250,52,249,31,209,238,6,248,244,125,135,143,105,230,102,204,
113,70,181,188,196,231,70,137,6,24,184,98,75,146,124,219,
70,223,110,43,40,115,188,249,87,225,68,149,212,104,73,35,
152,153,69,180,75,105,12,19,237,111,25,185,54,164,173,97,
1,171,73,138,120,58,164,253,137,188,100,226,162,177,181,157,
206,149,201,177,76,200,143,221,211,91,61,184,90,2,195,179,
52,226,148,41,31,191,171,94,244,71,42,143,4,41,112,60,
186,123,235,160,218,251,20,57,28,107,182,28,252,235,162,135,
249,177,174,191,29,140,125,14,233,107,189,5,157,0,217,169,
234,1,254,223,23,34,217,56,206,91,12,180,8,142,98,8,
165,162,149,82,123,176,30,45,254,220,182,110,61,15,155,28,
146,13,50,250,237,195,111,214,216,117,241,194,127,201,5,91,
9,181,96,250,106,134,46,57,227,208,224,59,107,106,250,190,
191,240,34,251,92,103,27,225,51,191,122,5,191,91,174,53,
214,91,101,136,175,160,178,11,222,248,23,28,226,52,106,109,
122,50,2,143,166,9,254,162,153,126,199,170,11,40,122,135,
34,171,100,16,5,114,15,31,61,22,29,100,79,255,254,255,
84,13,139,140,88,30,142,204,92,195,239,48,216,7,0,182,
125,143,249,55,207,90,104,8,35,226,81,144,236,154,82,154,
128,200,86,254,157,238,46,3,29,151,179,65,130,222,71,54,
22,102,230,191,5,199,47,249,164,131,104,117,205,253,223,193,
112,85,176,16,176,1,25,142,97,245,26,55,167,38,133,69,
155,26,122,134,180,147,148,184,153,92,89,25,134,185,54,31,
184,241,209,45,45,55,134,20,77,87,94,16,173,247,82,126,
253,35,218,178,131,89,13,221,192,247,118,83,168,255,8,167,
191,251,127,181,85,87,23,100,148,102,56,93,52,132,11,161,
10,219,27,99,222,131,155,94,228,243,109,53,192,50,107,78,
78,182,80,177,120,157,40,166,11,117,30,29,33,176,169,60,
236,213,73,204,227,165,200,60,95,33,208,97,234,225,164,98,
250,233,14,125,51,89,41,108,178,117,87,105,101,126,61,52,
74,48,73,234,232,159,106,169,237,20,82,86,204,198,187,41,
209,187,34,55,161,43,8,146,172,220,25,109,77,95,214,224,
228,156,23,185,152,185,121,91,126,100,144,31,7,210,160,236,
186,45,151,169,92,5,146,31,40,183,62,12,133,253,91,142,
61,113,114,48,175,1,145,24,65,199,184,60,155,233,138,217,
60,45,179,32,200,44,132,222,9,248,145,224,122,109,213,129,
9,1,225,149,95,111,60,184,156,127,103,149,76,85,131,63,
44,100,207,87,73,59,198,17,236,148,39,183,112,177,157,212,
241,54,51,153,7,244,122,205,241,251,131,72,196,239,145,180,
116,82,180,22,157,126,56,206,59,208,168,203,72,133,71,235,
225,147,163,22,34,234,55,55,234,2,102,77,183,125,76,253,
2,115,67,30,253,135,54,114,254,101,93,55,75,175,132,108,
180,152,102,49,75,123,145,137,26,124,43,155,23,234,22,190,
131,171,200,213,65,41,238,90,92,49,23,188,140,0,236,59,
125,250,153,30,22,27,177,135,225,185,3,128,91,155,91,19,
78,159,179,160,230,175,42,139,170,12,212,26,99,213,253,26,
144,240,29,29,81,248,167,104,249,65,244,136,37,109,255,193,
213,3,110,237,77,75,85,206,208,14,115,10,71,150,35,12,
188,233,240,106,126,62,194,86,247,74,166,164,187,161,101,61,
12,18,68,95,102,15,204,68,155,79,76,66,132,157,33,99,
30,231,204,59,124,148,67,151,65,23,246,2,165,176,18,46,
168,53,253,52,82,195,165,172,28,172,207,47,241,128,210,89,
41,67,134,211,213,42,193,120,207,173,30,78,25,202,158,234,
60,30,153,78,160,237,16,90,66,31,30,208,197,20,166,192,
69,156,217,98,42,63,88,126,116,133,100,164,165,86,147,82,
13,228,242,210,230,131,185,59,50,43,145,182,11,241,178,186,
6,93,9,124,241,60,192,253,197,26,217,27,136,107,181,236,
139,204,194,225,33,212,218,194,226,157,48,255,173,162,115,131,
210,170,158,71,77,23,96,209,35,245,12,203,169,158,179,198,
117,165,43,62,46,209,153,50,131,70,153,84,12,193,79,35,
167,85,72,222,205,110,158,115,107,241,189,44,199,14,24,68,
233,105,137,8,119,52,85,0,16,108,195,6,126,12,197,98,
165,233,36,84,85,213,248,7,6,183,210,61,20,108,107,117,
46,85,106,162,55,70,171,115,0,72,205,97,170,152,245,95,
43,90,134,221,233,196,238,20,112,129,2,192,97,23,235,164,
1,78,215,41,162,35,42,94,61,177,83,13,7,151,93,109,
193,115,17,185,229,141,139,106,102,85,49,181,68,235,17,232,
92,40,96,92,192,204,188,8,47,40,160,56,112,225,12,217,
36,148,254,237,5,49,190,115,194,109,194,76,241,116,26,81,
159,106,176,222,55,0,173,244,182,9,138,189,236,83,249,132,
72,88,145,176,237,36,226,42,106,236,154,83,10,111,23,186,
14,78,153,6,49,46,162,35,231,9,54,252,167,1,135,110,
115,61,4,153,227,105,100,123,135,133,116,74,102,89,234,70,
242,207,175,158,185,243,83,26,182,109,201,227,237,230,131,104,
101,43,224,204,107,125,215,164,234,30,127,171,185,87,189,141,
30,239,10,216,82,233,180,128,233,233,227,118,160,129,141,161,
2,12,229,59,121,30,219,116,248,11,180,155,115,167,97,94,
176,59,196,253,219,170,22,123,118,95,226,129,154,96,3,104,
144,221,169,172,113,129,20,0,20,150,224,71,53,25,12,65,
136,132,198,101,188,144,198,87,246,105,197,25,59,89,217,151,
7,75,10,150,254,180,237,46,38,196,232,68,202,207,70,92,
83,160,249,22,154,158,172,0,23,81,182,7,188,251,196,187,
188,73,63,233,14,118,67,212,150,151,62,248,167,129,141,39,
34,104,198,155,95,195,252,105,158,10,126,172,253,229,113,43,
255,45,135,128,143,92,78,220,93,37,127,3,95,180,89,150,
196,143,229,84,53,41,91,249,77,214,75,4,247,150,214,177,
37,19,248,121,249,12,151,197,25,233,61,58,67,248,9,234,
176,232,232,109,0,29,245,213,209,142,51,184,17,74,228,198,
78,206,221,75,187,223,156,183,247,31,58,75,235,32,181,84,
205,97,83,15,174,104,177,8,29,35,168,107,217,223,180,207,
4,119,236,117,27,189,46,209,76,48,118,224,226,170,233,177,
216,223,235,176,246,213,24,230,29,213,46,151,55,48,222,24,
107,107,70,116,52,64,57,15,50,130,195,125,242,208,37,115,
57,247,147,250,243,3,217,47,95,6,88,69,143,150,154,27,
82,93,117,119,100,116,124,151,166,220,126,116,18,154,243,76,
175,186,94,64,157,228,37,103,145,23,21,46,231,243,127,155,
232,167,43,149,90,174,15,196,122,251,84,23,133,101,29,196,
18,11,150,212,56,89,125,109,56,13,229,77,95,77,176,178,
92,227,139,106,111,94,242,1,171,153,197,161,144,14,226,44,
249,81,28,219,93,170,98,142,41,189,93,76,200,193,101,45,
75,161,186,161,217,178,85,180,25,148,40,159,148,219,221,41,
43,185,83,13,49,212,85,178,128,253,64,177,0,165,56,234,
51,152,86,239,83,64,83,71,251,103,194,200,129,195,250,77,
223,51,33,15,110,87,251,118,75,7,33,220,113,163,179,115,
91,62,107,251,133,238,213,234,101,11,18,201,18,141,48,189,
2,242,209,205,132,41,123,220,156,224,163,76,31,119,213,88,
179,78,108,66,87,255,200,241,93,54,169,99,69,49,100,190,
215,99,217,127,209,230,239,50,195,142,94,164,75,137,203,238,
54,185,21,195,32,237,101,3,41,224,112,78,128,24,150,106,
124,228,116,187,157,86,134,205,95,58,127,201,160,36,166,211,
106,186,44,139,28,160,157,233,254,213,85,240,117,160,178,171,
248,243,40,102,20,15,81,223,50,71,99,230,110,156,99,5,
58,156,227,197,235,10,78,219,71,139,189,199,1,150,88,190,
136,211,208,172,251,63,190,91,105,76,89,212,60,183,122,97,
114,79,182,216,189,236,192,237,165,77,31,137,82,137,222,156,
239,164,94,154,203,183,9,250,222,136,92,158,177,122,158,143,
16,91,85,177,223,127,1,155,19,227,7,174,32,53,8,224,
109,188,228,152,89,224,150,187,69,187,250,52,144,33,59,42,
174,143,121,246,51,45,188,112,163,194,135,232,175,90,218,169,
127,123,48,245,149,6,54,48,197,154,107,36,132,205,10,242,
167,220,0,145,188,18,172,64,255,116,244,150,88,173,11,234,
224,81,181,20,240,70,149,168,89,72,48,153,193,152,235,214,
183,149,64,211,90,73,236,108,207,239,245,33,17,159,215,24,
142,129,67,50,24,245,1,96,71,87,56,115,226,18,127,103,
136,30,222,195,109,55,143,151,100,72,69,0,81,115,151,185,
112,24,10,64,84,184,189,193,147,223,140,3,16,121,138,188,
112,141,152,242,192,20,171,87,241,171,206,207,176,0,15,211,
192,126,2,201,8,63,19,208,96,28,47,141,171,140,135,235,
189,136,144,195,219,164,248,92,109,179,78,168,234,237,17,147,
208,184,66,146,118,192,180,48,122,199,145,163,228,29,171,100,
36,226,18,40,112,76,247,27,134,165,92,84,240,106,229,115,
11,156,188,242,73,245,116,252,211,95,72,19,18,84,119,79,
7,233,131,7,219,232,34,132,193,39,12,208,99,95,64,15,
225,30,152,72,97,185,27,47,110,21,84,17,3,228,8,49,
46,13,77,6,231,222,151,34,121,56,49,34,233,163,153,116,
31,57,49,244,188,47,238,78,206,83,153,197,148,17,129,220,
30,218,162,86,18,57,40,3,134,117,207,40,135,248,70,202,
124,224,241,201,178,20,116,254,31,254,56,147,68,209,142,103,
183,84,4,14,1,66,97,230,17,46,109,71,96,197,199,213,
13,207,73,180,32,183,42,9,102,163,55,20,1,148,191,181,
230,103,113,50,244,56,201,57,126,11,184,132,166,44,158,89,
55,98,134,117,136,218,71,255,41,250,167,93,11,77,229,124,
111,184,96,248,83,148,225,212,6,15,53,20,255,166,98,58,
4,221,221,158,14,73,45,12,31,114,8,250,145,107,46,49,
38,60,21,238,203,166,6,162,129,177,110,120,164,51,0,131,
151,109,88,46,111,70,110,37,138,83,216,225,139,230,67,154,
225,3,237,195,145,116,110,94,214,58,29,92,218,180,104,236,
114,133,99,35,19,0,193,224,205,240,99,119,205,36,23,154,
110,212,151,160,69,61,242,35,255,250,87,53,41,17,74,214,
235,235,111,5,131,31,135,225,65,13,245,160,16,246,144,177,
34,130,237,6,29,199,166,52,146,63,36,25,168,140,182,188,
165,141,140,225,181,17,23,79,77,181,95,56,71,81,18,8,
105,165,18,167,36,68,184,36,69,58,115,67,250,109,56,180,
86,57,251,130,106,174,252,17,106,158,184,103,103,110,237,65,
45,28,175,3,122,15,151,97,212,103,156,123,158,212,84,223,
125,170,226,14,86,143,158,186,169,0,60,133,139,81,188,214,
77,50,22,222,189,53,58,70,161,153,174,2,17,129,114,150,
73,217,234,189,140,222,234,157,126,245,89,121,211,18,214,131,
170,198,45,108,189,118,33,71,111,155,109,189,225,155,168,40,
141,166,59,177,102,255,74,110,71,121,96,200,219,193,115,143,
194,42,87,75,83,6,216,211,183,162,77,240,113,45,187,226,
76,49,235,44,214,36,28,171,123,191,36,68,21,89,108,174,
39,222,250,183,67,92,213,135,205,104,250,196,177,89,253,26,
190,125,123,169,213,70,184,158,13,172,207,147,226,148,189,94,
53,159,201,147,51,4,159,240,92,100,95,110,42,88,250,34,
193,10,134,152,221,194,216,224,37,91,169,151,141,65,165,56,
170,156,142,18,144,106,231,185,222,139,77,113,231,74,116,181,
177,173,210,215,14,37,128,115,198,232,109,215,90,7,99,27,
190,39,195,141,201,232,146,87,35,204,186,81,117,103,249,218,
231,244,229,223,111,205,41,133,27,27,75,167,252,15,95,214,
40,50,178,191,134,230,235,200,26,122,180,66,106,46,253,94,
238,147,240,102,34,131,171,241,253,62,114,174,156,234,91,19,
108,228,41,67,180,58,83,0,8,29,197,244,25,231,26,236,
29,236,185,105,31,248,180,165,134,193,193,72,115,61,43,47,
31,160,213,134,5,186,170,180,63,239,93,4,189,183,216,22,
36,134,144,176,49,241,244,115,48,132,189,243,120,11,141,203,
241,149,213,120,17,147,231,99,66,4,42,48,155,175,231,207,
232,170,36,237,172,123,254,45,172,98,86,129,253,182,59,51,
97,146,19,40,225,96,5,144,159,45,109,44,199,195,216,128,
156,238,10,205,231,159,31,117,151,167,203,175,61,101,102,139,
201,246,206,8,155,191,237,136,165,148,78,126,13,209,102,232,
137,213,228,15,171,110,76,194,115,158,144,58,148,86,82,57,
199,225,99,208,245,207,229,221,0,130,40,83,81,160,103,198,
64,226,37,103,129,86,224,91,170,12,149,253,46,178,243,78,
65,20,183,43,109,149,243,185,239,6,14,41,69,248,112,210,
54,202,249,178,48,234,184,112,1,8,37,233,58,232,175,78,
142,217,17,60,233,59,88,171,239,107,120,122,72,182,21,177,
155,195,198,99,185,65,29,86,92,70,42,101,112,9,127,7,
87,192,154,108,231,51,233,251,114,78,195,197,114,61,39,74,
243,116,77,118,34,75,149,77,187,186,224,162,17,243,58,229,
236,112,34,136,28,168,202,103,217,203,241,106,125,88,228,30,
31,223,114,252,187,8,229,11,42,76,176,44,83,71,233,127,
19,221,216,1,26,159,46,74,169,230,157,87,90,42,207,98,
214,193,130,50,128,62,41,227,139,23,93,207,247,158,19,146,
185,209,196,142,52,143,231,113,250,70,74,119,161,120,251,7,
185,209,196,142,52,143,231,113,250,70,74,119,161,120,251,7,
220,254,173,80,209,217,253,8,179,134,239,176,139,20,47,116,
76,253,164,195,7,97,87,245,129,183,30,70,232,203,86,117,
37,56,104,183,158,124,49,224,211,188,219,174,159,55,229,229,
22,214,43,164,211,56,255,123,166,184,207,25,186,183,32,231,
48,122,138,83,171,119,213,207,203,195,240,75,133,169,85,73,
210,56,47,17,159,177,161,237,56,237,17,230,173,24,38,27,
156,243,125,37,173,145,57,158,1,92,217,15,72,180,245,253,
99,133,71,129,136,14,71,126,216,156,26,190,102,238,33,179,
157,212,175,145,44,47,155,64,255,145,16,67,215,145,165,132,
248,19,131,39,208,164,147,141,172,254,77,16,119,123,55,18,
58,38,114,115,5,99,208,51,233,7,130,246,254,4,167,71,
247,150,197,82,107,249,226,249,65,33,229,45,226,139,200,131,
90,253,8,177,31,49,127,148,66,79,61,200,34,156,143,167,
87,5,24,224,181,228,166,65,67,121,50,227,125,163,81,94,
62,254,156,0,251,246,40,197,23,48,16,28,187,26,214,164,
146,61,214,220,114,232,205,117,87,199,109,165,255,155,22,159,
253,223,138,35,0,142,172,97,221,83,201,133,212,138,133,41,
162,141,80,63,204,117,235,86,49,38,169,52,136,130,197,123,
25,112,30,220,143,179,164,3,145,117,254,31,30,72,161,204,
65,67,3,114,75,214,210,135,243,51,242,218,229,119,216,91,
141,77,107,100,107,169,153,238,233,76,174,87,119,204,55,232,
133,220,243,69,127,83,48,66,157,150,232,92,193,201,30,26,
157,163,146,208,221,61,96,151,169,20,136,254,40,123,16,38,
252,9,85,8,132,146,219,57,29,40,198,213,193,61,44,31,
46,147,186,212,58,102,11,71,124,91,155,106,203,49,26,34,
134,193,95,184,116,21,149,10,199,88,179,181,118,139,214,108,
231,104,208,148,192,59,236,149,253,13,140,41,247,113,110,236,
14,163,78,255,221,116,170,24,254,176,13,225,179,86,208,240,
132,47,130,98,96,133,98,74,213,202,186,103,137,108,18,85,
234,198,166,210,60,214,142,115,190,184,150,16,46,10,226,167,
60,156,164,200,238,11,139,136,65,4,42,19,185,67,142,145,
157,183,247,236,175,254,180,174,160,15,164,167,238,82,27,202,
232,19,43,237,200,74,102,222,58,30,144,56,172,123,185,123,
41,5,114,119,19,245,248,62,232,246,39,223,103,227,154,239,
232,96,43,166,23,161,200,82,80,24,177,145,109,123,2,36,
85,41,126,233,223,164,183,242,26,236,5,210,35,135,119,87,
132,161,79,75,80,18,99,135,60,32,38,250,67,102,209,108,
244,3,138,62,101,176,16,68,168,56,139,43,156,246,47,201,
160,90,13,203,44,182,212,66,198,246,172,191,125,188,174,180,
27,152,222,32,252,57,241,211,145,11,162,23,134,56,235,70,
240,93,90,233,89,5,64,61,46,71,120,110,4,81,198,236,
138,215,15,3,23,15,204,103,104,57,58,33,19,188,187,141,
11,102,206,32,98,197,90,21,88,160,241,181,193,130,207,63,
68,182,141,175,40,231,46,225,144,242,128,31,202,31,42,114,
139,234,99,157,130,166,138,197,125,249,171,118,29,23,165,230,
106,250,220,93,46,12,101,36,55,236,143,111,68,58,75,57,
118,126,41,215,31,49,189,158,44,200,50,46,60,183,195,121,
77,154,181,207,66,205,68,127,132,62,102,150,22,26,128,66,
174,113,0,159,237,206,198,57,61,62,48,101,218,54,232,127,
40,22,34,170,133,123,247,169,58,170,82,224,202,39,135,17,
72,239,128,202,183,36,140,127,211,124,146,4,156,222,164,77,
86,231,109,0,248,214,188,51,121,87,100,66,123,230,110,22,
182,30,29,234,182,29,199,3,137,163,214,9,232,243,12,92,
5,4,137,227,185,135,25,113,51,77,81,96,192,74,3,237,
13,124,77,125,192,186,151,57,31,105,118,84,0,179,74,134,
74,8,60,118,92,139,92,46,4,172,183,105,204,103,67,63,
159,232,251,108,165,142,155,75,109,80,196,80,17,196,113,127,
2,202,21,184,13,141,145,130,31,31,121,20,3,45,109,183,
38,54,181,23,183,221,225,188,108,241,8,11,199,12,29,64,
58,55,102,1,81,139,49,18,87,121,77,134,21,134,71,63,
227,12,41,218,15,90,200,37,233,89,75,28,132,133,187,18,
2,56,218,204,199,107,102,154,4,162,191,61,143,90,166,229,
169,200,40,186,226,66,48,224,110,65,24,248,64,21,142,209,
190,58,132,220,172,123,120,120,166,143,214,109,154,138,149,142,
178,101,115,187,93,0,48,191,8,249,93,133,82,109,90,239,
20,238,127,85,214,202,56,46,80,176,20,83,108,195,69,227,
171,138,70,218,162,211,116,189,10,196,212,179,29,243,37,56,
185,209,196,142,52,143,231,113,250,70,74,119,161,120,251,7,
220,254,173,80,209,217,253,8,179,134,239,176,139,20,47,116,
76,253,164,195,7,97,87,245,129,183,30,70,232,203,86,117,
37,56,104,183,158,124,49,224,211,188,219,174,159,55,229,229,
22,214,43,164,211,56,255,123,166,184,207,25,186,183,32,231,
48,122,138,83,171,119,213,207,203,195,240,75,133,169,85,73,
210,56,47,17,159,177,161,237,56,237,17,230,173,24,38,27,
156,243,125,37,173,145,57,158,1,92,217,15,72,180,245,253,
99,133,71,129,136,14,71,126,216,156,26,190,102,238,33,179,
157,212,175,145,44,47,155,64,255,145,16,67,215,145,165,132,
248,19,131,39,208,164,147,141,172,254,77,16,119,123,55,18,
58,38,114,115,5,99,208,51,233,7,130,246,254,4,167,71,
247,150,197,82,107,249,226,249,65,33,229,45,226,139,200,131,
90,253,8,177,31,49,127,148,66,79,61,200,34,156,143,167,
87,5,24,224,181,228,166,65,67,121,50,227,125,163,81,94,
62,254,156,0,251,246,40,197,23,48,16,28,187,26,214,164,
146,61,214,220,114,232,205,117,87,199,109,165,255,155,22,159,
253,223,138,35,0,142,172,97,221,83,201,133,212,138,133,41,
162,141,80,63,204,117,235,86,49,38,169,52,136,130,197,123,
25,112,30,220,143,179,164,3,145,117,254,31,30,72,161,204,
65,67,3,114,75,214,210,135,243,51,242,218,229,119,216,91,
141,77,107,100,107,169,153,238,233,76,174,87,119,204,55,232,
133,220,243,69,127,83,48,66,157,150,232,92,193,201,30,26,
157,163,146,208,221,61,96,151,169,20,136,254,40,123,16,38,
252,9,85,8,132,146,219,57,29,40,198,213,193,61,44,31,
46,147,186,212,58,102,11,71,124,91,155,106,203,49,26,34,
134,193,95,184,116,21,149,10,199,88,179,181,118,139,214,108,
231,104,208,148,192,59,236,149,253,13,140,41,247,113,110,236,
14,163,78,255,221,116,170,24,254,176,13,225,179,86,208,240,
132,47,130,98,96,133,98,74,213,202,186,103,137,108,18,85,
234,198,166,210,60,214,142,115,190,184,150,16,46,10,226,167,
60,156,164,200,238,11,139,136,65,4,42,19,185,67,142,145,
157,183,247,236,175,254,180,174,160,15,164,167,238,82,27,202,
232,19,43,237,200,74,102,222,58,30,144,56,172,123,185,123,
41,5,114,119,19,245,248,62,232,246,39,223,103,227,154,239,
232,96,43,166,23,161,200,82,80,24,177,145,109,123,2,36,
85,41,126,233,223,164,183,242,26,236,5,210,35,135,119,87,
132,161,79,75,80,18,99,135,60,32,38,250,67,102,209,108,
244,3,138,62,101,176,16,68,168,56,139,43,156,246,47,201,
160,90,13,203,44,182,212,66,198,246,172,191,125,188,174,180,
27,152,222,32,252,57,241,211,145,11,162,23,134,56,235,70,
240,93,90,233,89,5,64,61,46,71,120,110,4,81,198,236,
138,215,15,3,23,15,204,103,104,57,58,33,19,188,187,141,
11,102,206,32,98,197,90,21,88,160,241,181,193,130,207,63,
68,182,141,175,40,231,46,225,144,242,128,31,202,31,42,114,
139,234,99,157,130,166,138,197,125,249,171,118,29,23,165,230,
106,250,220,93,46,12,101,36,55,236,143,111,68,58,75,57,
118,126,41,215,31,49,189,158,44,200,50,46,60,183,195,121,
