# traces ,# t > 4.5 t,max
100,249,4.221888
200,1599,8.102528
300,2772,10.35264
400,3908,13.04445
500,4969,14.51138
600,6073,16.79905
700,6833,17.81338
800,7188,19.09035
900,7918,20.63738
1000,8497,21.45828
1100,8943,22.84736
1200,9192,23.6344
1300,9878,25.18191
1400,10465,25.7889
1500,11254,26.88634
1600,11838,27.90396
1700,12133,28.31206
1800,12293,29.49266
1900,12386,30.61776
2000,12950,31.7917
2100,13557,33.09085
2200,14095,34.28987
2300,14129,35.10504
2400,14325,36.22157
2500,14850,37.38633
2600,15593,38.52573
2700,15932,39.30051
2800,16468,40.36414
2900,16886,40.68223
3000,16653,40.61639
3100,16917,40.68399
3200,17157,41.01099
3300,17217,41.08796
3400,17635,41.41262
3500,18259,42.23378
3600,18360,42.81757
3700,18832,43.62782
3800,19028,44.24448
3900,19250,44.62199
4000,19660,45.54428
4100,20011,45.7776
4200,20133,46.07718
4300,20601,46.82634
4400,20942,47.5057
4500,21008,48.08634
4600,21330,48.83679
4700,21737,49.7563
4800,21911,50.27972
4900,21966,50.87447
5000,22272,51.10247
5100,22341,51.75869
5200,22905,52.522
5300,22681,52.97726
5400,22631,52.5943
5500,22628,52.88382
5600,22819,53.04644
5700,23116,53.6877
5800,23377,54.49226
5900,23455,54.96382
6000,23654,55.4655
6100,23976,56.1011
6200,24095,56.67387
6300,24333,57.28299
6400,24654,57.85997
6500,24844,58.03809
6600,24764,58.23776
6700,25100,59.02851
6800,25046,59.31409
6900,25075,59.53557
7000,25221,60.13718
7100,25351,60.45182
7200,25432,60.27763
7300,25658,60.94781
7400,25888,61.57598
7500,26173,62.2472
7600,26456,62.6102
7700,26649,62.74245
7800,26707,62.77478
7900,26744,63.19142
8000,26744,63.71119
8100,26776,64.19724
8200,26806,64.63143
8300,26955,65.12202
8400,27129,65.72254
8500,27410,66.07907
8600,27499,66.3431
8700,27686,66.8674
8800,27831,67.31051
8900,27896,67.68816
9000,27879,67.94309
9100,28137,68.58412
9200,28261,68.89053
9300,28302,68.99348
9400,28536,69.56556
9500,28740,70.02177
9600,28871,70.37171
9700,29163,70.8092
9800,29367,70.88242
9900,29628,71.27702
10000,29787,71.58186
10100,29935,72.04472
10200,29944,72.40961
10300,29919,72.74036
10400,30101,73.305
10500,30341,73.82097
10600,30582,74.35439
10700,30694,74.69388
10800,30810,74.92596
10900,30976,75.27338
11000,30813,75.27514
11100,30847,75.46676
11200,30800,75.81377
11300,30904,76.26273
11400,31191,76.7426
11500,31265,77.3811
11600,31380,77.76096
11700,31371,78.09588
11800,31462,78.42164
11900,31428,78.71511
12000,31626,79.15916
12100,31653,79.5685
12200,31814,79.92152
12300,31914,80.49439
12400,32055,80.72269
12500,32060,80.79806
12600,32062,80.57219
12700,32191,81.10892
12800,32270,81.49222
12900,32419,81.72162
13000,32664,82.1626
13100,32721,82.3976
13200,32776,82.76621
13300,32968,83.14333
13400,32938,83.54296
13500,32960,83.8501
13600,33013,84.20351
13700,33150,84.61874
13800,33275,84.91943
13900,33435,85.32249
14000,33596,85.84533
14100,33809,86.33402
14200,33933,86.75625
14300,34075,87.27035
14400,34104,87.64419
14500,34207,87.85777
14600,34409,88.40122
14700,34636,88.80925
14800,34621,88.89896
14900,34857,89.2925
15000,34838,89.25797
15100,34914,89.47794
15200,35065,90.06835
15300,35065,90.27241
15400,35265,90.71872
15500,35417,91.00385
15600,35344,91.2397
15700,35513,91.55421
15800,35577,91.9234
15900,35760,92.28322
16000,35784,92.44961
16100,35917,92.697
16200,36001,93.02918
16300,36094,93.57201
16400,36090,93.62589
16500,36094,93.68214
16600,36146,93.79667
16700,36210,94.03054
16800,36162,94.00586
16900,36053,94.04616
17000,36168,94.08621
17100,36191,94.46772
17200,36344,94.87926
17300,36449,95.24066
17400,36533,95.73315
17500,36514,96.02799
17600,36651,96.48732
17700,36737,96.9487
17800,36879,97.33138
17900,36924,97.60873
18000,37121,97.90134
18100,37194,98.08478
18200,37229,98.36083
18300,37370,98.70371
18400,37560,98.98527
18500,37515,99.21985
18600,37538,99.4933
18700,37622,99.87888
18800,37716,99.74686
18900,37765,100.0534
19000,37824,100.3014
19100,37870,100.65
19200,37987,100.8254
19300,38018,100.7394
19400,37951,100.9618
19500,38076,101.2461
19600,38201,101.685
19700,38231,102.033
19800,38278,102.4107
19900,38285,102.5635
20000,38402,102.7507
20100,38389,102.7586
20200,38489,103.226
20300,38475,103.5356
20400,38550,103.652
20500,38503,103.7517
20600,38548,103.8632
20700,38711,104.067
20800,38780,104.4206
20900,38903,104.826
21000,38951,105.0695
21100,39100,105.25
21200,39069,105.4998
21300,39168,105.9196
21400,39190,106.2221
21500,39228,106.3253
21600,39234,106.6762
21700,39302,107.0013
21800,39362,107.2812
21900,39411,107.5405
22000,39486,107.7164
22100,39523,107.9926
22200,39611,108.3375
22300,39651,108.6797
22400,39742,108.8744
22500,39754,109.1101
22600,39710,109.2628
22700,39820,109.4626
22800,39816,109.6493
22900,39813,109.849
23000,39869,110.1151
23100,39939,110.4267
23200,40036,110.8192
23300,40060,111.0595
23400,40149,111.4208
23500,40204,111.8058
23600,40248,112.0267
23700,40324,112.0944
23800,40406,112.5081
23900,40347,112.2245
24000,40430,112.5785
24100,40502,112.7865
24200,40590,113.0431
24300,40577,113.2568
24400,40695,113.6201
24500,40815,114.0152
24600,40905,114.2418
24700,40974,114.595
24800,40969,114.7387
24900,41004,114.9389
25000,40988,114.9626
25100,41118,115.1384
25200,41166,115.3775
25300,41212,115.6947
25400,41278,115.9355
25500,41280,115.9609
25600,41311,116.293
25700,41320,116.2033
25800,41419,116.402
25900,41470,116.5647
26000,41519,116.8446
26100,41548,117.1566
26200,41584,117.2627
26300,41648,117.6913
26400,41663,117.8218
26500,41672,118.1073
26600,41776,118.4023
26700,41810,118.8095
26800,41894,119.2126
26900,41961,119.5431
27000,42042,119.8002
27100,42105,119.8716
27200,42116,120.1301
27300,42143,120.4692
27400,42215,120.7943
27500,42308,121.0757
27600,42356,121.328
27700,42401,121.677
27800,42495,121.93
27900,42539,122.1462
28000,42579,122.4701
28100,42654,122.7483
28200,42768,123.1157
28300,42798,123.1941
28400,42856,123.4072
28500,42828,123.4567
28600,42859,123.7544
28700,42965,123.9242
28800,43056,124.1742
28900,43097,124.3958
29000,43218,124.6575
29100,43176,124.7661
29200,43239,124.9188
29300,43263,124.9029
29400,43349,125.0662
29500,43414,125.2169
29600,43400,125.2429
29700,43443,125.4074
29800,43452,125.6359
29900,43534,126.0065
30000,43603,126.32
30100,43627,126.5152
30200,43598,126.533
30300,43708,126.8848
30400,43718,126.996
30500,43771,127.1414
30600,43849,127.3667
30700,43869,127.5795
30800,43923,127.7046
30900,43917,127.8273
31000,43930,128.1229
31100,43979,128.308
31200,44033,128.5657
31300,44079,128.8327
31400,44098,128.8907
31500,44153,129.1963
31600,44226,129.2839
31700,44172,129.1544
31800,44179,129.3539
31900,44194,129.5776
32000,44248,129.8218
32100,44349,129.9751
32200,44448,130.2496
32300,44521,130.4667
32400,44618,130.7386
32500,44687,131.0343
32600,44698,131.3466
32700,44763,131.5611
32800,44811,131.6834
32900,44852,131.9392
33000,44838,132.2436
33100,44830,132.3829
33200,44900,132.6698
33300,44883,132.8113
33400,44971,133.0677
33500,45067,133.4007
33600,45106,133.5599
33700,45115,133.8365
33800,45123,133.8215
33900,45203,134.1208
34000,45283,134.4233
34100,45415,134.7654
34200,45492,134.9668
34300,45591,135.1033
34400,45651,135.2913
34500,45701,135.4794
34600,45744,135.8104
34700,45776,136.067
34800,45797,136.3985
34900,45874,136.6202
35000,45924,136.9505
35100,45984,137.2605
35200,46089,137.3854
35300,46222,137.6689
35400,46213,137.8505
35500,46195,137.9628
35600,46222,138.1414
35700,46306,138.52
35800,46308,138.7765
35900,46389,138.948
36000,46473,139.1223
36100,46512,139.281
36200,46501,139.3479
36300,46574,139.6316
36400,46508,139.5932
36500,46617,139.8879
36600,46661,140.1173
36700,46715,140.2862
36800,46802,140.428
36900,46749,140.4293
37000,46777,140.6449
37100,46880,140.8674
37200,46870,140.8645
37300,46919,141.1524
37400,46971,141.357
37500,47032,141.5425
37600,47095,141.8035
37700,47166,142.1209
37800,47215,142.382
37900,47247,142.5921
38000,47294,142.8079
38100,47345,143.0494
38200,47408,143.3987
38300,47499,143.6536
38400,47477,143.8004
38500,47469,143.81
38600,47538,144.0985
38700,47536,144.2027
38800,47576,144.5127
38900,47605,144.6828
39000,47694,144.902
39100,47712,145.0263
39200,47752,145.2091
39300,47823,145.4313
39400,47793,145.5494
39500,47835,145.6624
39600,47883,145.9768
39700,47898,146.0801
39800,47802,145.9001
39900,47899,146.1773
40000,47867,146.3165
40100,47909,146.4941
40200,47898,146.4722
40300,47919,146.7596
40400,47966,147.1144
40500,48001,147.3789
40600,47980,147.5906
40700,48010,147.6875
40800,48051,147.9499
40900,48079,148.1445
41000,48141,148.2958
41100,48110,148.3256
41200,48135,148.3365
41300,48173,148.5518
41400,48213,148.8605
41500,48260,149.063
41600,48327,149.2782
41700,48373,149.5412
41800,48399,149.7292
41900,48454,149.931
42000,48453,150.1074
42100,48474,150.2579
42200,48527,150.477
42300,48579,150.7585
42400,48576,150.9263
42500,48643,151.1062
42600,48656,151.1458
42700,48703,151.1776
42800,48749,151.4095
42900,48760,151.5724
43000,48833,151.8074
43100,48883,151.9205
43200,48925,151.9787
43300,48951,152.2424
43400,48919,152.3404
43500,48911,152.3509
43600,48957,152.5825
43700,49015,152.8659
43800,49027,153.0603
43900,49042,153.2696
44000,49057,153.3062
44100,49084,153.5238
44200,49133,153.7439
44300,49121,153.8777
44400,49200,154.146
44500,49228,154.3696
44600,49286,154.6605
44700,49369,154.9402
44800,49428,155.2165
44900,49421,155.3987
45000,49471,155.5838
45100,49473,155.6516
45200,49479,155.743
45300,49549,155.9334
45400,49595,156.1282
45500,49575,156.3867
45600,49631,156.5816
45700,49619,156.739
45800,49686,156.8377
45900,49706,156.9773
46000,49765,157.1495
46100,49828,157.3463
46200,49897,157.6417
46300,49939,157.7847
46400,49974,157.9469
46500,50011,158.2045
46600,50039,158.4268
46700,50078,158.6518
46800,50129,158.8958
46900,50168,159.05
47000,50243,159.1759
47100,50257,159.4289
47200,50296,159.5439
47300,50352,159.8308
47400,50337,160.0348
47500,50362,160.2602
47600,50304,160.2986
47700,50365,160.5097
47800,50414,160.7684
47900,50465,160.9289
48000,50468,161.0217
48100,50508,161.1857
48200,50512,161.3192
48300,50565,161.5383
48400,50597,161.6646
48500,50629,161.7908
48600,50662,161.9676
48700,50687,162.0765
48800,50702,162.3396
48900,50709,162.4064
49000,50736,162.6273
49100,50736,162.8172
49200,50781,162.9388
49300,50807,162.9673
49400,50846,163.1622
49500,50870,163.4112
49600,50915,163.5654
49700,50991,163.6216
49800,51018,163.6782
49900,51072,163.8475
50000,51095,163.9062
50100,51140,163.892
50200,51071,163.9351
50300,51125,164.1278
50400,51144,164.392
50500,51188,164.4783
50600,51213,164.5375
50700,51200,164.7852
50800,51247,164.8525
50900,51294,165.0333
51000,51381,164.9612
51100,51459,165.129
51200,51534,165.2873
51300,51518,165.3457
51400,51574,165.4749
51500,51579,165.5044
51600,51647,165.7396
51700,51694,165.8783
51800,51747,166.0201
51900,51784,166.2147
52000,51877,166.44
52100,51844,166.67
52200,51890,166.8511
52300,51965,167.1533
52400,51988,167.418
52500,52004,167.6729
52600,52072,167.9268
52700,52074,168.1784
52800,52140,168.3666
52900,52127,168.5361
53000,52200,168.5765
53100,52174,168.7303
53200,52232,168.6805
53300,52306,168.7948
53400,52355,168.9569
53500,52477,169.0924
53600,52509,169.3048
53700,52560,169.5569
53800,52677,169.6959
53900,52668,169.7399
54000,52743,169.8824
54100,52718,169.9185
54200,52733,169.9993
54300,52698,170.2104
54400,52781,170.4469
54500,52686,170.5494
54600,52657,170.5072
54700,52712,170.7708
54800,52684,170.9475
54900,52741,171.1499
55000,52831,171.3413
55100,52848,171.5093
55200,52845,171.6523
55300,52874,171.7378
55400,52916,171.6814
55500,52986,171.9823
55600,52919,172.189
55700,53033,172.4454
55800,53047,172.5808
55900,53066,172.7491
56000,53108,172.9733
56100,53205,173.2092
56200,53221,173.2079
56300,53223,173.4171
56400,53237,173.6483
56500,53246,173.7476
56600,53288,173.9933
56700,53297,174.1701
56800,53263,174.332
56900,53213,174.3842
57000,53234,174.4417
57100,53274,174.4603
57200,53344,174.6723
57300,53279,174.8352
57400,53212,174.7861
57500,53220,175.0215
57600,53279,175.2628
57700,53259,175.4875
57800,53328,175.5153
57900,53381,175.7248
58000,53442,175.9065
58100,53435,176.0526
58200,53476,175.9826
58300,53525,176.142
58400,53528,176.311
58500,53574,176.5445
58600,53664,176.5677
58700,53759,176.8588
58800,53744,176.8089
58900,53803,177.0447
59000,53853,177.043
59100,53876,177.2857
59200,53913,177.5608
59300,53892,177.7389
59400,53899,177.7041
59500,53910,177.8457
59600,53920,177.9424
59700,53924,178.1598
59800,53937,178.3095
59900,53957,178.4418
60000,53989,178.6137
60100,54030,178.7885
60200,54019,178.8751
60300,54092,179.0343
60400,54132,179.2802
60500,54173,179.4203
60600,54148,179.5682
60700,54187,179.774
60800,54199,179.9687
60900,54121,180.0937
61000,54144,180.3579
61100,54235,180.5617
61200,54164,180.6574
61300,54195,180.8716
61400,54248,181.0639
61500,54281,181.2431
61600,54349,181.4679
61700,54335,181.636
61800,54312,181.7844
61900,54320,182.0244
62000,54388,182.1093
62100,54431,182.0843
62200,54487,182.276
62300,54480,182.4352
62400,54451,182.6027
62500,54489,182.6096
62600,54480,182.7678
62700,54478,182.9341
62800,54499,183.0881
62900,54538,183.3653
63000,54560,183.4768
63100,54613,183.5887
63200,54625,183.7413
63300,54651,183.9391
63400,54572,184.1012
63500,54636,184.2418
63600,54671,184.4569
63700,54671,184.5764
63800,54707,184.7456
63900,54701,184.8759
64000,54747,184.9641
64100,54770,185.1747
64200,54823,185.268
64300,54843,185.3815
64400,54901,185.6098
64500,54941,185.8379
64600,54960,185.9281
64700,55015,186.0893
64800,55024,186.2986
64900,55035,186.5087
65000,55056,186.6058
65100,55006,186.6536
65200,55090,186.6166
65300,55132,186.825
65400,55158,187.0733
65500,55126,187.0923
65600,55135,187.3499
65700,55198,187.557
65800,55245,187.606
65900,55283,187.8439
66000,55295,188.0749
66100,55328,188.2835
66200,55325,188.4485
66300,55380,188.6569
66400,55388,188.8501
66500,55391,189.071
66600,55430,189.1979
66700,55448,189.3162
66800,55422,189.3088
66900,55440,189.4796
67000,55465,189.5907
67100,55429,189.6204
67200,55464,189.7566
67300,55508,189.9263
67400,55499,190.1363
67500,55504,190.3059
67600,55580,190.5413
67700,55549,190.5252
67800,55583,190.632
67900,55612,190.8525
68000,55612,191.0516
68100,55671,191.2166
68200,55678,191.4069
68300,55699,191.5449
68400,55706,191.5933
68500,55681,191.6177
68600,55704,191.8054
68700,55722,191.8857
68800,55775,192.12
68900,55834,192.3696
69000,55840,192.4176
69100,55855,192.5795
69200,55851,192.439
69300,55844,192.6526
69400,55861,192.5307
69500,55900,192.6888
69600,55901,192.8958
69700,55977,193.0901
69800,56024,193.2405
69900,56003,193.4046
70000,56024,193.6379
70100,56058,193.882
70200,56130,194.0787
70300,56167,194.0648
70400,56213,194.2985
70500,56234,194.4995
70600,56281,194.6843
70700,56302,194.6354
70800,56341,194.7409
70900,56366,194.9206
71000,56367,195.1452
71100,56332,195.27
71200,56356,195.5043
71300,56395,195.735
71400,56389,195.8849
71500,56448,195.9103
71600,56479,196.0247
71700,56481,196.2092
71800,56528,196.3688
71900,56557,196.6048
72000,56573,196.7492
72100,56605,196.8327
72200,56633,196.8153
72300,56663,196.9436
72400,56703,196.9733
72500,56710,197.1163
72600,56713,197.2856
72700,56738,197.3223
72800,56752,197.4848
72900,56757,197.7356
73000,56788,197.9272
73100,56808,198.0701
73200,56785,198.2579
73300,56829,198.4902
73400,56810,198.5833
73500,56795,198.5921
73600,56822,198.704
73700,56826,198.8589
73800,56822,198.9356
73900,56845,199.0183
74000,56877,199.1087
74100,56888,199.2815
74200,56935,199.4302
74300,56936,199.5941
74400,56948,199.6434
74500,56976,199.8529
74600,57008,200.101
74700,57044,200.2813
74800,57079,200.4763
74900,57108,200.6286
75000,57158,200.8249
75100,57203,200.9544
75200,57191,200.9823
75300,57149,201.1745
75400,57179,201.2825
75500,57227,201.5146
75600,57251,201.6313
75700,57350,201.898
75800,57405,201.8672
75900,57417,202.0217
76000,57425,202.1443
76100,57460,202.4112
76200,57471,202.5402
76300,57407,202.6765
76400,57478,202.9151
76500,57493,203.1014
76600,57520,203.3249
76700,57549,203.5143
76800,57566,203.4982
76900,57508,203.454
77000,57542,203.6465
77100,57471,203.8117
77200,57483,203.9664
77300,57498,204.0915
77400,57546,204.247
77500,57560,204.4157
77600,57581,204.67
77700,57563,204.8805
77800,57589,204.9409
77900,57616,205.0995
78000,57612,205.1852
78100,57678,205.2935
78200,57696,205.4141
78300,57653,205.4072
78400,57678,205.6257
78500,57668,205.7449
78600,57690,205.9401
78700,57737,206.0448
78800,57785,206.1067
78900,57792,206.3384
79000,57773,206.371
79100,57836,206.4843
79200,57811,206.5961
79300,57812,206.7268
79400,57873,206.8867
79500,57877,207.1001
79600,57877,207.1879
79700,57893,207.2569
79800,57929,207.3936
79900,57956,207.5111
80000,57957,207.6437
80100,57995,207.7425
80200,58020,207.9516
80300,58023,208.0832
80400,58047,208.0792
80500,58108,208.2495
80600,58067,208.4527
80700,58083,208.5801
80800,58069,208.6448
80900,58126,208.7448
81000,58159,208.8779
81100,58137,209.0518
81200,58190,209.2178
81300,58230,209.4422
81400,58288,209.6429
81500,58318,209.8734
81600,58358,210.0293
81700,58308,210.1342
81800,58336,210.3223
81900,58313,210.2265
82000,58301,210.3604
82100,58326,210.505
82200,58346,210.5669
82300,58389,210.6495
82400,58438,210.6875
82500,58506,210.9043
82600,58540,210.9851
82700,58547,211.049
82800,58520,211.1573
82900,58550,211.3316
83000,58591,211.4223
83100,58640,211.6455
83200,58695,211.7767
83300,58698,211.889
83400,58708,211.8666
83500,58679,211.9749
83600,58671,212.1648
83700,58678,212.2882
83800,58673,212.3502
83900,58668,212.5422
84000,58671,212.5794
84100,58706,212.795
84200,58690,212.8855
84300,58689,213.0673
84400,58702,213.2396
84500,58723,213.1308
84600,58748,213.2635
84700,58797,213.3935
84800,58779,213.5358
84900,58839,213.6665
85000,58856,213.8256
85100,58883,213.9937
85200,58926,214.1691
85300,58999,214.3038
85400,58986,214.3755
85500,58997,214.4631
85600,59020,214.5524
85700,59083,214.5683
85800,59074,214.7499
85900,59068,214.8262
86000,59076,214.9382
86100,59050,214.9997
86200,59077,215.1328
86300,59075,215.1845
86400,59085,215.1713
86500,59069,215.3687
86600,59125,215.5093
86700,59125,215.5111
86800,59153,215.7364
86900,59157,215.8767
87000,59180,215.9901
87100,59165,216.1148
87200,59193,216.2314
87300,59244,216.4589
87400,59233,216.5754
87500,59272,216.7475
87600,59335,216.9143
87700,59379,217.0627
87800,59350,217.1629
87900,59330,217.3196
88000,59398,217.5261
88100,59415,217.528
88200,59449,217.7563
88300,59462,217.8579
88400,59495,218.0324
88500,59474,218.0076
88600,59526,218.1856
88700,59509,218.3693
88800,59590,218.6204
88900,59571,218.7198
89000,59550,218.7951
89100,59576,219.0149
89200,59580,219.1771
89300,59604,219.2242
89400,59601,219.2367
89500,59664,219.3866
89600,59665,219.4799
89700,59696,219.5316
89800,59758,219.7155
89900,59767,219.7119
90000,59784,219.79
90100,59775,219.8341
90200,59791,219.9171
90300,59792,220.1222
90400,59796,220.2344
90500,59838,220.3284
90600,59845,220.5428
90700,59869,220.7378
90800,59921,220.9398
90900,59920,221.1376
91000,59910,221.1312
91100,59943,221.2627
91200,59942,221.3851
91300,59913,221.5359
91400,59954,221.7015
91500,60007,221.8755
91600,59996,221.9487
91700,59991,222.147
91800,59993,222.1528
91900,60025,222.2906
92000,60040,222.498
92100,60089,222.684
92200,60087,222.8292
92300,60134,223.0326
92400,60118,223.1329
92500,60131,223.2333
92600,60121,223.3374
92700,60139,223.499
92800,60143,223.4806
92900,60158,223.5704
93000,60144,223.5595
93100,60144,223.7564
93200,60132,223.9137
93300,60142,224.0706
93400,60157,224.2157
93500,60201,224.4217
93600,60225,224.6008
93700,60240,224.6293
93800,60268,224.7779
93900,60273,224.859
94000,60302,225.0534
94100,60312,225.0608
94200,60318,225.154
94300,60340,225.2446
94400,60351,225.3639
94500,60369,225.414
94600,60395,225.5469
94700,60443,225.6322
94800,60456,225.7665
94900,60450,225.7994
95000,60476,225.9003
95100,60467,225.8951
95200,60515,226.0561
95300,60541,226.1444
95400,60553,226.1412
95500,60577,226.2446
95600,60577,226.3141
95700,60602,226.5023
95800,60620,226.5739
95900,60655,226.771
96000,60682,226.9828
96100,60709,227.135
96200,60779,227.051
96300,60780,227.1682
96400,60778,227.1204
96500,60783,227.2751
96600,60797,227.4077
96700,60843,227.5421
96800,60849,227.7379
96900,60870,227.8327
97000,60847,227.7763
97100,60901,227.897
97200,60862,227.9608
97300,60861,227.8808
97400,60915,228.0336
97500,60955,228.2593
97600,60990,228.3014
97700,61023,228.4555
97800,61037,228.6418
97900,61058,228.7697
98000,61034,228.8208
98100,61065,228.9902
98200,61092,229.1418
98300,61108,229.3232
98400,61144,229.3853
98500,61182,229.5735
98600,61202,229.6023
98700,61230,229.7647
98800,61233,229.8861
98900,61237,229.873
99000,61234,229.9203
99100,61269,230.0293
99200,61253,230.0739
99300,61257,230.2763
99400,61289,230.506
99500,61314,230.7072
99600,61305,230.8965
99700,61316,231.0123
99800,61330,231.2395
99900,61343,231.3331
100000,61343,231.4353
100100,61356,231.5854
100200,61376,231.6799
100300,61403,231.8062
100400,61414,232.015
100500,61429,232.1553
100600,61440,232.1365
100700,61446,232.2592
100800,61473,232.1991
100900,61490,232.3882
101000,61482,232.4279
101100,61493,232.5418
101200,61507,232.7459
101300,61527,232.8863
101400,61537,232.9673
101500,61540,233.0871
101600,61558,233.2284
101700,61592,233.3611
101800,61587,233.5354
101900,61633,233.6805
102000,61632,233.8295
102100,61634,233.8905
102200,61609,234.0224
102300,61654,234.1659
102400,61685,234.1104
102500,61703,234.2555
102600,61727,234.3754
102700,61736,234.4927
102800,61732,234.5876
102900,61760,234.7017
103000,61790,234.8638
103100,61769,234.9052
103200,61793,234.9415
103300,61786,235.142
103400,61805,235.332
103500,61822,235.4867
103600,61846,235.6043
103700,61871,235.7013
103800,61881,235.8218
103900,61926,235.9351
104000,61943,236.0824
104100,61963,236.2658
104200,61979,236.4291
104300,62004,236.5036
104400,62018,236.4944
104500,62002,236.6093
104600,62026,236.6922
104700,62056,236.7413
104800,62035,236.8873
104900,62055,237.0842
105000,62073,237.295
105100,62093,237.2923
105200,62110,237.4334
105300,62107,237.5354
105400,62147,237.6318
105500,62168,237.6358
105600,62126,237.7798
105700,62156,237.8121
105800,62149,237.881
105900,62175,238.0027
106000,62192,238.1057
106100,62202,238.2452
106200,62248,238.3238
106300,62263,238.5246
106400,62288,238.6717
106500,62293,238.6485
106600,62297,238.7484
106700,62323,238.8172
106800,62326,238.9368
106900,62348,239.0524
107000,62359,239.0827
107100,62385,239.2205
107200,62397,239.3198
107300,62404,239.3943
107400,62416,239.4996
107500,62443,239.6169
107600,62452,239.7661
107700,62455,239.7839
107800,62456,239.9077
107900,62465,240.0228
108000,62457,240.1004
108100,62431,240.146
108200,62467,240.3409
108300,62483,240.5099
108400,62499,240.3815
108500,62481,240.5171
108600,62491,240.7173
108700,62507,240.8101
108800,62526,240.9544
108900,62572,240.9971
109000,62567,241.1532
109100,62580,241.3608
109200,62617,241.3975
109300,62613,241.5719
109400,62623,241.7364
109500,62651,241.7426
109600,62653,241.8852
109700,62685,241.9892
109800,62716,242.1649
109900,62770,242.334
110000,62787,242.3808
110100,62799,242.4938
110200,62827,242.69
110300,62830,242.7391
110400,62861,242.9255
110500,62903,243.0676
110600,62940,243.2391
110700,62932,243.2934
110800,62929,243.358
110900,62920,243.4645
111000,62944,243.6583
111100,62998,243.7592
111200,63023,243.968
111300,63033,244.1201
111400,63017,244.1477
111500,63056,244.2458
111600,63117,244.366
111700,63111,244.4389
111800,63147,244.6235
111900,63157,244.7136
112000,63172,244.8445
112100,63220,245.0378
112200,63243,245.1344
112300,63275,245.1785
112400,63303,245.2896
112500,63330,245.386
112600,63362,245.4922
112700,63387,245.5689
112800,63406,245.7505
112900,63424,245.9255
113000,63448,246.0459
113100,63433,246.1118
113200,63459,246.2262
113300,63497,246.4264
113400,63520,246.5828
113500,63523,246.7495
113600,63530,246.8316
113700,63539,246.9021
113800,63580,247.0913
113900,63584,247.1434
114000,63634,247.2289
114100,63636,247.3068
114200,63626,247.3555
114300,63638,247.4865
114400,63620,247.5975
114500,63637,247.774
114600,63636,247.7541
114700,63629,247.8701
114800,63654,248.0251
114900,63674,248.1366
115000,63706,248.2754
115100,63730,248.4081
115200,63730,248.6106
115300,63745,248.7037
115400,63755,248.77
115500,63770,248.9689
115600,63783,249.0757
115700,63814,249.2534
115800,63804,249.3777
115900,63815,249.4682
116000,63853,249.5417
116100,63861,249.6611
116200,63892,249.7926
116300,63894,249.8954
116400,63933,250.0028
116500,63948,250.1479
116600,63965,250.1549
116700,63998,250.2689
116800,64022,250.3685
116900,64035,250.4858
117000,64090,250.4784
117100,64088,250.6052
117200,64116,250.6781
117300,64161,250.8242
117400,64196,250.9172
117500,64193,251.0515
117600,64177,251.0983
117700,64201,251.1072
117800,64226,251.2273
117900,64231,251.3481
118000,64216,251.3246
118100,64258,251.4535
118200,64235,251.5321
118300,64242,251.6567
118400,64316,251.7358
118500,64338,251.8648
118600,64331,252.0217
118700,64360,252.1891
118800,64381,252.3788
118900,64401,252.44
119000,64451,252.4674
119100,64473,252.5617
119200,64496,252.6866
119300,64531,252.8671
119400,64527,253.0548
119500,64552,253.175
119600,64536,253.2958
119700,64566,253.3567
119800,64572,253.4571
119900,64583,253.588
120000,64598,253.7479
120100,64621,253.7706
120200,64661,253.9168
120300,64656,254.0029
120400,64708,254.1044
120500,64744,254.2051
120600,64780,254.287
120700,64781,254.4003
120800,64764,254.4981
120900,64802,254.5371
121000,64866,254.6267
121100,64877,254.8138
121200,64895,254.8555
121300,64928,254.9994
121400,64946,255.1083
121500,64959,255.2487
121600,64927,255.3641
121700,64960,255.5334
121800,64969,255.5951
121900,64995,255.7285
122000,64999,255.8929
122100,65022,256.015
122200,65043,256.1469
122300,65048,256.1614
122400,65087,256.2314
122500,65099,256.346
122600,65099,256.4801
122700,65150,256.675
122800,65167,256.7993
122900,65194,256.8853
123000,65193,256.9245
123100,65199,257.1044
123200,65189,257.2574
123300,65204,257.2183
123400,65222,257.3679
123500,65223,257.4454
123600,65228,257.4688
123700,65249,257.5855
123800,65247,257.7482
123900,65264,257.9082
124000,65295,258.0735
124100,65297,258.226
124200,65315,258.3774
124300,65340,258.5466
124400,65347,258.6626
124500,65366,258.7971
124600,65363,258.9163
124700,65388,259.0452
124800,65437,258.9863
124900,65471,259.057
125000,65482,259.1911
125100,65511,259.3325
125200,65537,259.4822
125300,65539,259.6516
125400,65564,259.7348
125500,65563,259.8811
125600,65606,260.0113
125700,65644,260.0923
125800,65688,260.2746
125900,65674,260.3878
126000,65701,260.5051
126100,65738,260.7151
126200,65782,260.8151
126300,65788,260.8782
126400,65804,261.0091
126500,65815,261.1522
126600,65821,261.1866
126700,65797,261.3153
126800,65814,261.4394
126900,65833,261.6287
127000,65864,261.7658
127100,65827,261.7634
127200,65829,261.8564
127300,65847,261.7766
127400,65869,261.9377
127500,65895,262.0379
127600,65909,262.1613
127700,65922,262.2654
127800,65924,262.4349
127900,65957,262.5575
128000,65959,262.6681
128100,65947,262.7065
128200,65946,262.8131
128300,65974,262.9805
128400,65972,263.0323
128500,65961,263.1109
128600,65988,263.1384
128700,65999,263.2598
128800,66005,263.271
128900,66026,263.3821
129000,66046,263.4416
129100,66029,263.5195
129200,66074,263.6306
129300,66097,263.7808
129400,66104,263.8501
129500,66159,263.972
129600,66187,264.0941
129700,66208,264.1802
129800,66219,264.2669
129900,66206,264.3711
130000,66244,264.5692
130100,66245,264.613
130200,66262,264.804
130300,66282,264.9813
130400,66318,265.0728
130500,66330,265.1054
130600,66354,265.132
130700,66311,265.1497
130800,66340,265.148
130900,66356,265.2638
131000,66379,265.4117
131100,66417,265.5037
131200,66379,265.6477
131300,66459,265.6505
131400,66447,265.7324
131500,66465,265.905
131600,66460,265.9724
131700,66484,266.0986
131800,66474,266.261
131900,66475,266.3457
132000,66472,266.4815
132100,66458,266.5982
132200,66469,266.7278
132300,66480,266.8223
132400,66525,266.8822
132500,66523,266.9911
132600,66550,266.9578
132700,66573,267.0947
132800,66563,267.2249
132900,66592,267.343
133000,66596,267.4424
133100,66627,267.6016
133200,66601,267.6882
133300,66619,267.8192
133400,66627,267.8462
133500,66667,267.9961
133600,66665,268.1129
133700,66695,268.2974
133800,66711,268.3698
133900,66737,268.4937
134000,66714,268.6516
134100,66711,268.764
134200,66783,268.7625
134300,66799,268.8229
134400,66797,268.9074
134500,66853,268.9267
134600,66867,269.0419
134700,66877,269.1208
134800,66898,269.3089
134900,66890,269.4024
135000,66873,269.5243
135100,66864,269.6779
135200,66888,269.7538
135300,66884,269.8763
135400,66902,270.0022
135500,66902,270.0974
135600,66925,270.1761
135700,66915,270.2949
135800,66942,270.4443
135900,66966,270.49
136000,66961,270.5775
136100,66983,270.7339
136200,66980,270.7739
136300,66984,270.8447
136400,67010,270.9451
136500,67016,271.0649
136600,67022,271.1843
136700,67032,271.2941
136800,67048,271.4823
136900,67032,271.5826
137000,67051,271.7418
137100,67034,271.8277
137200,67050,271.9475
137300,67059,272.0963
137400,67085,272.2581
137500,67095,272.3369
137600,67102,272.4986
137700,67116,272.6333
137800,67128,272.7365
137900,67124,272.8104
138000,67139,272.8786
138100,67165,272.9969
138200,67186,273.0777
138300,67210,273.1328
138400,67214,273.2716
138500,67231,273.3121
138600,67249,273.3946
138700,67249,273.3789
138800,67260,273.5611
138900,67274,273.6775
139000,67302,273.8719
139100,67307,273.9729
139200,67306,274.0479
139300,67304,274.162
139400,67325,274.2135
139500,67331,274.3435
139600,67384,274.3555
139700,67379,274.4939
139800,67398,274.5956
139900,67454,274.6301
140000,67421,274.7014
140100,67434,274.8213
140200,67435,274.7462
140300,67450,274.8827
140400,67461,275.0222
140500,67479,275.1486
140600,67501,275.1852
140700,67530,275.369
140800,67546,275.4912
140900,67554,275.5341
141000,67536,275.5398
141100,67569,275.6591
141200,67554,275.7614
141300,67596,275.9272
141400,67619,276.0128
141500,67623,276.0798
141600,67634,276.162
141700,67629,276.3179
141800,67627,276.3286
141900,67633,276.5121
142000,67621,276.5193
142100,67634,276.6157
142200,67652,276.6767
142300,67681,276.7642
142400,67663,276.8064
142500,67663,276.883
142600,67674,276.9612
142700,67693,277.0741
142800,67715,277.2026
142900,67688,277.265
143000,67695,277.2978
143100,67716,277.3872
143200,67697,277.3963
143300,67724,277.5097
143400,67719,277.5765
143500,67739,277.6798
143600,67777,277.8232
143700,67775,277.992
143800,67810,278.1897
143900,67794,278.2439
144000,67825,278.3516
144100,67803,278.3943
144200,67803,278.4597
144300,67828,278.5766
144400,67798,278.652
144500,67821,278.801
144600,67832,278.8625
144700,67841,279.0238
144800,67842,279.1463
144900,67859,279.2859
145000,67878,279.346
145100,67873,279.4425
145200,67915,279.6031
145300,67927,279.7256
145400,67920,279.8607
145500,67924,279.9626
145600,67927,279.9464
145700,67932,279.9378
145800,67920,280.0214
145900,67967,280.1427
146000,67971,280.2839
146100,67952,280.3524
146200,67977,280.4907
146300,67982,280.6045
146400,68002,280.6223
146500,68027,280.7519
146600,68034,280.864
146700,68044,280.9391
146800,68072,281.0233
146900,68079,281.1541
147000,68080,281.2819
147100,68071,281.3449
147200,68068,281.4124
147300,68077,281.4848
147400,68101,281.5748
147500,68100,281.7132
147600,68113,281.8471
147700,68109,281.9729
147800,68117,282.135
147900,68124,282.2729
148000,68142,282.3517
148100,68168,282.4392
148200,68207,282.4703
148300,68209,282.6095
148400,68240,282.6182
148500,68254,282.6453
148600,68266,282.7936
148700,68258,282.9497
148800,68261,283.009
148900,68280,283.1937
149000,68282,283.2207
149100,68293,283.3412
149200,68323,283.3851
149300,68340,283.47
149400,68345,283.4601
149500,68376,283.5909
149600,68407,283.7407
149700,68414,283.875
149800,68407,284.0352
149900,68427,284.2014
150000,68439,284.3523
150100,68447,284.4403
150200,68467,284.5518
150300,68490,284.7052
150400,68499,284.8752
150500,68509,284.9941
150600,68537,285.0965
150700,68528,285.2205
150800,68538,285.3763
150900,68546,285.4658
151000,68547,285.5557
151100,68578,285.5985
151200,68586,285.6825
151300,68604,285.8185
151400,68631,285.9608
151500,68630,286.0648
151600,68620,286.1394
151700,68633,286.3232
151800,68683,286.4138
151900,68653,286.4212
152000,68665,286.5262
152100,68663,286.6362
152200,68660,286.6216
152300,68676,286.7778
152400,68676,286.7943
152500,68704,286.8915
152600,68709,286.9518
152700,68698,287.063
152800,68713,287.2433
152900,68732,287.4065
153000,68721,287.5443
153100,68746,287.5949
153200,68798,287.7815
153300,68797,287.9216
153400,68797,288.0847
153500,68786,288.0936
153600,68789,288.2525
153700,68791,288.3245
153800,68812,288.4357
153900,68828,288.5844
154000,68832,288.6931
154100,68845,288.7923
154200,68840,288.8025
154300,68862,288.9937
154400,68873,289.1246
154500,68862,289.2293
154600,68890,289.2981
154700,68920,289.4017
154800,68906,289.5029
154900,68923,289.568
155000,68941,289.7195
155100,68938,289.7751
155200,68966,289.8651
155300,68959,289.8997
155400,68956,289.9613
155500,68974,290.0652
155600,68979,290.1743
155700,69026,290.1896
155800,69017,290.2347
155900,69004,290.2857
156000,69012,290.3098
156100,69018,290.4201
156200,69040,290.5603
156300,69062,290.6786
156400,69106,290.7726
156500,69118,290.8417
156600,69117,290.797
156700,69130,290.8974
156800,69120,290.905
156900,69161,291.0136
157000,69189,291.1633
157100,69205,291.3315
157200,69217,291.3982
157300,69226,291.499
157400,69230,291.6514
157500,69256,291.8012
157600,69243,291.8804
157700,69245,292.0048
157800,69264,292.1236
157900,69271,292.2885
158000,69269,292.3823
158100,69284,292.5352
158200,69294,292.5878
158300,69270,292.5357
158400,69310,292.605
158500,69318,292.752
158600,69312,292.8263
158700,69308,292.8889
158800,69322,292.9887
158900,69343,293.1363
159000,69337,293.2117
159100,69357,293.3598
159200,69362,293.4111
159300,69357,293.4608
159400,69363,293.5583
159500,69391,293.671
159600,69431,293.6698
159700,69433,293.7047
159800,69453,293.7325
159900,69478,293.8426
160000,69468,293.9622
160100,69484,294.1185
160200,69495,294.0922
160300,69483,294.2106
160400,69514,294.3134
160500,69534,294.3712
160600,69546,294.4666
160700,69552,294.6092
160800,69573,294.6421
160900,69574,294.8009
161000,69601,294.9487
161100,69614,294.9987
161200,69642,295.1791
161300,69663,295.3409
161400,69669,295.4022
161500,69666,295.4168
161600,69693,295.5858
161700,69723,295.7389
161800,69738,295.7726
161900,69736,295.8119
162000,69756,295.9416
162100,69757,296.0427
162200,69774,296.1747
162300,69795,296.2251
162400,69806,296.3311
162500,69819,296.4869
162600,69839,296.6295
162700,69865,296.67
162800,69857,296.7751
162900,69853,296.8903
163000,69846,297.0259
163100,69871,297.0148
163200,69874,297.0664
163300,69868,297.1505
163400,69891,297.2515
163500,69893,297.2047
163600,69895,297.3237
163700,69909,297.3462
163800,69909,297.4344
163900,69899,297.5601
164000,69923,297.6473
164100,69959,297.8018
164200,69985,297.9559
164300,70000,297.9589
164400,69986,297.9381
164500,70002,298.0362
164600,70019,297.972
164700,70021,297.9851
164800,70013,298.0108
164900,70026,298.0747
165000,70023,298.1949
165100,70023,298.3445
165200,70023,298.4587
165300,70073,298.5675
165400,70091,298.6735
165500,70129,298.7066
165600,70157,298.7118
165700,70156,298.8345
165800,70174,298.9784
165900,70178,299.0402
166000,70196,299.1789
166100,70211,299.2004
166200,70202,299.2502
166300,70185,299.4207
166400,70201,299.5076
166500,70219,299.6179
166600,70258,299.6107
166700,70278,299.7411
166800,70287,299.8386
166900,70311,299.9264
167000,70338,300.0347
167100,70365,300.1717
167200,70406,300.2092
167300,70434,300.2501
167400,70434,300.3199
167500,70403,300.4257
167600,70448,300.5796
167700,70456,300.6471
167800,70482,300.8043
167900,70510,300.8585
168000,70488,301.0248
168100,70508,301.1383
168200,70551,301.2441
168300,70595,301.4101
168400,70586,301.5493
168500,70597,301.6959
168600,70626,301.7908
168700,70647,301.7634
168800,70649,301.7526
168900,70655,301.8125
169000,70693,301.9376
169100,70674,301.9526
169200,70689,302.068
169300,70682,302.1772
169400,70718,302.2991
169500,70724,302.3755
169600,70756,302.3822
169700,70787,302.5459
169800,70804,302.6512
169900,70836,302.7173
170000,70848,302.8311
170100,70845,302.8424
170200,70822,302.8925
170300,70828,302.9316
170400,70818,303.0505
170500,70830,303.1892
170600,70798,303.1773
170700,70801,303.2191
170800,70801,303.3252
170900,70823,303.4011
171000,70826,303.5481
171100,70853,303.6487
171200,70850,303.7599
171300,70854,303.8601
171400,70857,303.9783
171500,70858,304.0923
171600,70877,304.1675
171700,70909,304.2078
171800,70933,304.3482
171900,70911,304.4278
172000,70914,304.5424
172100,70940,304.6525
172200,70906,304.7872
172300,70950,304.8275
172400,70955,304.9365
172500,70922,304.978
172600,70897,305.1142
172700,70900,305.2006
172800,70908,305.351
172900,70913,305.363
173000,70929,305.4467
173100,70925,305.4005
173200,70950,305.4503
173300,70952,305.5354
173400,70957,305.5946
173500,70954,305.6696
173600,70971,305.7499
173700,70981,305.8443
173800,70972,305.8599
173900,70992,306.0058
174000,71037,306.0289
174100,71043,306.1183
174200,71058,306.1965
174300,71073,306.2921
174400,71084,306.4512
174500,71118,306.5267
174600,71119,306.5832
174700,71122,306.736
174800,71111,306.6887
174900,71075,306.8192
175000,71075,306.8993
175100,71062,307.0571
175200,71079,307.0861
175300,71097,307.1749
175400,71126,307.2854
175500,71130,307.4091
175600,71130,307.5612
175700,71136,307.666
175800,71141,307.666
175900,71156,307.8345
176000,71179,307.9466
176100,71225,307.965
176200,71222,308.1066
176300,71231,308.1653
176400,71235,308.2643
176500,71254,308.4205
176600,71262,308.537
176700,71283,308.5924
176800,71277,308.7137
176900,71274,308.7121
177000,71294,308.8534
177100,71303,308.8741
177200,71324,308.9229
177300,71339,309.0739
177400,71310,309.1371
177500,71328,309.2734
177600,71369,309.239
177700,71374,309.3748
177800,71402,309.4433
177900,71397,309.5561
178000,71415,309.7223
178100,71430,309.8087
178200,71451,309.9084
178300,71458,310.0359
178400,71448,310.0578
178500,71449,310.199
178600,71460,310.3269
178700,71495,310.3585
178800,71496,310.4045
178900,71510,310.4864
179000,71516,310.483
179100,71528,310.5541
179200,71552,310.605
179300,71522,310.7639
179400,71531,310.8697
179500,71551,310.8927
179600,71554,311.0029
179700,71610,311.0388
179800,71595,311.1064
179900,71602,311.2227
180000,71581,311.1946
180100,71608,311.284
180200,71643,311.341
180300,71631,311.4528
180400,71630,311.4669
180500,71636,311.6084
180600,71710,311.6509
180700,71689,311.721
180800,71727,311.8206
180900,71752,311.9688
181000,71743,311.928
181100,71735,312.0492
181200,71759,312.0885
181300,71766,312.2208
181400,71787,312.2943
181500,71775,312.3696
181600,71758,312.5202
181700,71757,312.6451
181800,71731,312.772
181900,71768,312.7824
182000,71762,312.9377
182100,71733,313.0437
182200,71749,313.1819
182300,71742,313.2208
182400,71755,313.327
182500,71741,313.3746
182600,71710,313.4083
182700,71706,313.4847
182800,71742,313.5188
182900,71725,313.6367
183000,71736,313.7314
183100,71781,313.7409
183200,71808,313.7824
183300,71808,313.8428
183400,71767,313.8864
183500,71793,314.0295
183600,71804,314.1549
183700,71831,314.2145
183800,71839,314.3121
183900,71862,314.4185
184000,71882,314.5476
184100,71890,314.5997
184200,71918,314.6469
184300,71954,314.6477
184400,71948,314.7299
184500,71974,314.8222
184600,72023,314.9238
184700,71969,314.9407
184800,71979,314.9993
184900,71988,315.1545
185000,72025,315.2842
185100,71988,315.3649
185200,72015,315.4583
185300,72001,315.5562
185400,72006,315.6788
185500,72036,315.766
185600,72033,315.8917
185700,72043,315.9547
185800,72016,316.1071
185900,72048,316.1114
186000,72088,316.1793
186100,72060,316.2566
186200,72120,316.3279
186300,72134,316.4287
186400,72147,316.4828
186500,72190,316.5225
186600,72193,316.5943
186700,72210,316.6671
186800,72203,316.7538
186900,72227,316.8472
187000,72236,316.9586
187100,72243,317.0396
187200,72262,317.1429
187300,72266,317.2598
187400,72269,317.3296
187500,72261,317.387
187600,72247,317.3639
187700,72267,317.4713
187800,72291,317.5478
187900,72301,317.695
188000,72273,317.837
188100,72257,317.931
188200,72264,317.9183
188300,72235,318.0424
188400,72219,318.1815
188500,72234,318.3333
188600,72230,318.4441
188700,72244,318.5659
188800,72253,318.6972
188900,72281,318.7855
189000,72318,318.802
189100,72344,318.9051
189200,72358,319.0414
189300,72365,319.1494
189400,72382,319.2953
189500,72378,319.3088
189600,72368,319.3765
189700,72359,319.5061
189800,72361,319.5854
189900,72391,319.5266
190000,72384,319.6269
190100,72406,319.7881
190200,72412,319.9265
190300,72402,319.9771
190400,72406,320.0876
190500,72390,320.1826
190600,72392,320.3306
190700,72394,320.4054
190800,72392,320.45
190900,72380,320.5578
191000,72389,320.6718
191100,72422,320.7551
191200,72468,320.8692
191300,72456,320.914
191400,72484,321.0282
191500,72506,321.1378
191600,72528,321.2915
191700,72571,321.3247
191800,72579,321.4113
191900,72562,321.4754
192000,72540,321.5967
192100,72547,321.6757
192200,72560,321.754
192300,72580,321.8183
192400,72576,321.9737
192500,72597,322.0552
192600,72597,322.1237
192700,72599,322.2516
192800,72612,322.3307
192900,72555,322.3416
193000,72598,322.4259
193100,72627,322.5591
193200,72619,322.6399
193300,72607,322.7224
193400,72626,322.7763
193500,72650,322.9016
193600,72630,322.9495
193700,72658,322.9847
193800,72698,323.0958
193900,72677,323.1255
194000,72678,323.2032
194100,72633,323.3451
194200,72678,323.4482
194300,72710,323.5561
194400,72687,323.6671
194500,72708,323.7029
194600,72725,323.7677
194700,72742,323.9127
194800,72723,323.8318
194900,72716,323.9238
195000,72703,324.0556
195100,72702,324.1336
195200,72708,324.2145
195300,72772,324.1831
195400,72821,324.2656
195500,72806,324.2674
195600,72813,324.2891
195700,72843,324.2828
195800,72864,324.3729
195900,72865,324.511
196000,72843,324.5808
196100,72832,324.7066
196200,72844,324.7787
196300,72858,324.8505
196400,72874,325.0006
196500,72873,325.0641
196600,72898,325.2069
196700,72912,325.2355
196800,72921,325.3312
196900,72916,325.3947
197000,72920,325.4912
197100,72944,325.6105
197200,72916,325.6893
197300,72909,325.7538
197400,72917,325.8704
197500,72922,325.8548
197600,72937,326.0007
197700,72934,326.1079
197800,72963,326.2356
197900,72987,326.341
198000,72992,326.3661
198100,73005,326.4389
198200,72971,326.4917
198300,72968,326.6291
198400,72992,326.6945
198500,72986,326.7948
198600,72993,326.8908
198700,73013,326.969
198800,73031,327.0556
198900,73030,327.1082
199000,73054,327.1386
199100,73100,327.1462
199200,73106,327.1714
199300,73095,327.2876
199400,73104,327.3827
199500,73124,327.3914
199600,73148,327.4792
199700,73075,327.4731
199800,73083,327.52
199900,73087,327.5938
200000,73120,327.6564
200100,73112,327.7094
200200,73085,327.7663
200300,73115,327.8515
200400,73130,327.854
200500,73142,327.9963
200600,73155,328.1555
200700,73143,328.2545
200800,73177,328.3444
200900,73122,328.4161
201000,73148,328.3892
201100,73170,328.463
201200,73180,328.5088
201300,73174,328.6053
201400,73201,328.7094
201500,73227,328.8628
201600,73234,328.9174
201700,73249,329.0523
201800,73262,329.1155
201900,73286,329.2458
202000,73262,329.3253
202100,73279,329.311
202200,73292,329.4323
202300,73315,329.5641
202400,73346,329.6389
202500,73316,329.7219
202600,73313,329.8446
202700,73317,329.9704
202800,73314,330.0462
202900,73317,330.1583
203000,73313,330.1833
203100,73328,330.3108
203200,73313,330.3618
203300,73285,330.4601
203400,73315,330.5529
203500,73339,330.5855
203600,73341,330.6865
203700,73368,330.7596
203800,73376,330.8774
203900,73357,330.9973
204000,73351,331.0659
204100,73361,331.2085
204200,73404,331.2791
204300,73398,331.324
204400,73365,331.3913
204500,73399,331.4043
204600,73380,331.4709
204700,73369,331.5699
204800,73378,331.5811
204900,73378,331.7241
205000,73367,331.828
205100,73382,331.9271
205200,73396,331.9971
205300,73411,332.0839
205400,73418,332.1761
205500,73449,332.2984
205600,73449,332.4233
205700,73444,332.4716
205800,73410,332.2755
205900,73365,332.2597
206000,73374,332.3776
206100,73356,332.3645
206200,73371,332.5072
206300,73379,332.6333
206400,73387,332.72
206500,73395,332.7226
206600,73395,332.7961
206700,73412,332.8655
206800,73421,333.001
206900,73412,333.1148
207000,73376,333.144
207100,73388,333.1843
207200,73397,333.1931
207300,73422,333.2396
207400,73423,333.3252
207500,73425,333.3709
207600,73437,333.4753
207700,73449,333.5461
207800,73453,333.6485
207900,73472,333.6642
208000,73481,333.7573
208100,73474,333.8149
208200,73481,333.8629
208300,73531,333.855
208400,73488,333.9118
208500,73527,333.927
208600,73557,333.956
208700,73564,333.8583
208800,73552,333.8163
208900,73554,333.8062
209000,73560,333.8882
209100,73576,333.9002
209200,73545,333.9127
209300,73579,333.8084
209400,73605,333.8912
209500,73627,333.9216
209600,73647,333.9726
209700,73650,333.8352
209800,73652,333.9695
209900,73653,333.991
210000,73668,334.039
210100,73654,334.1093
210200,73590,334.105
210300,73614,334.1906
210400,73601,334.086
210500,73576,333.7652
210600,73578,333.8288
210700,73574,333.8188
210800,73586,333.8506
210900,73602,333.9753
211000,73616,334.0098
211100,73638,334.1526
211200,73643,334.2026
211300,73643,334.0367
211400,73621,334.0884
211500,73603,334.199
211600,73624,334.2884
211700,73632,334.3553
211800,73646,334.4875
211900,73654,334.4478
212000,73631,334.455
212100,73651,334.6
212200,73691,334.3722
212300,73678,334.469
212400,73661,334.4203
212500,73672,334.2509
212600,73702,334.2631
212700,73636,334.3286
212800,73657,334.3527
212900,73631,334.368
213000,73629,334.469
213100,73657,334.58
213200,73661,334.6682
213300,73691,334.3601
213400,73713,334.4361
213500,73719,334.572
213600,73772,334.5765
213700,73769,334.7058
213800,73805,334.3909
213900,73802,334.5201
214000,73808,334.5588
214100,73828,334.5347
214200,73841,334.5413
214300,73806,334.2608
214400,73827,334.2979
214500,73847,334.4541
214600,73822,334.4216
214700,73827,334.508
214800,73825,334.5951
214900,73798,334.6944
215000,73802,334.801
215100,73817,334.8335
215200,73827,334.9642
215300,73781,334.9686
215400,73769,335.0758
215500,73764,335.1203
215600,73798,335.1499
215700,73815,335.3024
215800,73792,335.4038
215900,73799,335.5174
216000,73773,335.5909
216100,73775,335.6075
216200,73772,335.4029
216300,73792,335.3331
216400,73816,335.4195
216500,73830,335.5446
216600,73840,335.6574
216700,73827,335.7198
216800,73864,335.7093
216900,73834,335.7594
217000,73857,335.7771
217100,73880,335.908
217200,73882,335.9877
217300,73904,336.1157
217400,73940,336.2576
217500,73959,336.3829
217600,73954,336.5219
217700,73971,336.653
217800,73998,336.79
217900,73995,336.9282
218000,74009,337.0242
218100,74020,337.1428
218200,74016,337.2641
218300,74028,337.4092
218400,74035,337.5172
218500,74026,337.654
218600,74050,337.8037
218700,74036,337.9031
218800,74068,338.0553
218900,74076,338.226
219000,74107,338.343
219100,74093,338.472
219200,74100,338.589
219300,74108,338.6836
219400,74142,338.7585
219500,74168,338.8477
219600,74179,338.9735
219700,74184,339.1191
219800,74192,339.2618
219900,74213,339.3614
220000,74228,339.5
220100,74245,339.5909
220200,74252,339.6922
220300,74268,339.7682
220400,74283,339.916
220500,74302,340.0448
220600,74284,340.1726
220700,74301,340.3127
220800,74315,340.4565
220900,74317,340.5528
221000,74329,340.651
221100,74340,340.7536
221200,74346,340.834
221300,74342,340.9724
221400,74349,341.1217
221500,74374,341.2393
221600,74381,341.3606
221700,74409,341.4736
221800,74442,341.6077
221900,74434,341.7613
222000,74464,341.8792
222100,74466,342.0219
222200,74469,342.1383
222300,74456,342.216
222400,74472,342.3188
222500,74488,342.4256
222600,74502,342.5471
222700,74488,342.676
222800,74511,342.8113
222900,74526,342.932
223000,74550,343.0348
223100,74555,343.1315
223200,74578,343.2643
223300,74585,343.4015
223400,74594,343.5319
223500,74587,343.5958
223600,74602,343.7165
223700,74630,343.8506
223800,74614,343.9974
223900,74628,344.1511
224000,74642,344.2496
224100,74642,344.3738
224200,74656,344.5286
224300,74669,344.6741
224400,74684,344.8043
224500,74699,344.9484
224600,74701,345.05
224700,74704,345.163
224800,74719,345.3092
224900,74724,345.4466
225000,74752,345.5875
225100,74766,345.6964
225200,74819,345.8014
225300,74812,345.9254
225400,74830,346.0593
225500,74834,346.2051
225600,74863,346.321
225700,74867,346.4026
225800,74875,346.545
225900,74871,346.6542
226000,74878,346.7788
226100,74856,346.8857
226200,74863,347.0241
226300,74886,347.149
226400,74883,347.2854
226500,74890,347.4144
226600,74910,347.5268
226700,74918,347.6717
226800,74924,347.776
226900,74936,347.9072
227000,74922,348.0534
227100,74931,348.1935
227200,74926,348.2726
227300,74946,348.388
227400,74956,348.5091
227500,74963,348.6196
227600,74964,348.7736
227700,74965,348.9279
227800,74975,349.0089
227900,74968,349.1527
228000,74976,349.2719
228100,75009,349.3413
228200,75019,349.48
228300,75045,349.6087
228400,75059,349.7507
228500,75061,349.8779
228600,75033,350.0097
228700,75053,350.1442
228800,75063,350.2869
228900,75058,350.4156
229000,75074,350.5164
229100,75085,350.6579
229200,75088,350.7919
229300,75117,350.9261
229400,75126,351.0366
229500,75137,351.1847
229600,75145,351.3126
229700,75153,351.423
229800,75175,351.5547
229900,75175,351.6714
230000,75192,351.7809
230100,75209,351.8926
230200,75208,352.0237
230300,75215,352.143
230400,75226,352.2627
230500,75244,352.3844
230600,75239,352.4992
230700,75249,352.631
230800,75260,352.7664
230900,75278,352.8837
231000,75288,353.0028
231100,75303,353.148
231200,75321,353.2626
231300,75342,353.3776
231400,75346,353.4866
231500,75360,353.5991
231600,75366,353.7339
231700,75362,353.8755
231800,75411,354.0066
231900,75420,354.1257
232000,75427,354.2737
232100,75423,354.3748
232200,75431,354.4967
232300,75436,354.6414
232400,75456,354.7718
232500,75463,354.9092
232600,75478,355.0224
232700,75474,355.1411
232800,75497,355.2631
232900,75489,355.3606
233000,75500,355.5053
233100,75511,355.595
233200,75522,355.7146
233300,75524,355.8157
233400,75520,355.9062
233500,75524,355.9805
233600,75533,356.1247
233700,75545,356.234
233800,75561,356.3747
233900,75572,356.4685
234000,75603,356.5883
234100,75624,356.707
234200,75647,356.8019
234300,75649,356.9291
234400,75686,357.039
234500,75688,357.1659
234600,75711,357.3215
234700,75721,357.4471
234800,75732,357.5972
234900,75728,357.6832
235000,75725,357.8032
235100,75755,357.9148
235200,75776,358.0276
235300,75771,358.1236
235400,75781,358.2612
235500,75769,358.3884
235600,75804,358.5075
235700,75823,358.6037
235800,75835,358.7361
235900,75834,358.8245
236000,75844,358.9318
236100,75865,359.07
236200,75870,359.1802
236300,75882,359.303
236400,75885,359.4071
236500,75897,359.5065
236600,75919,359.5885
236700,75936,359.6821
236800,75948,359.8002
236900,75963,359.9155
237000,75972,360.0623
237100,75993,360.1661
237200,75991,360.2863
237300,75998,360.3858
237400,75994,360.5179
237500,76020,360.6441
237600,76026,360.7601
237700,76011,360.8656
237800,76014,360.9752
237900,76037,361.1195
238000,76038,361.1991
238100,76049,361.3424
238200,76054,361.4697
238300,76070,361.5861
238400,76080,361.7299
238500,76086,361.8382
238600,76091,361.9821
238700,76105,362.0987
238800,76105,362.1964
238900,76108,362.3257
239000,76136,362.4586
239100,76131,362.5736
239200,76148,362.688
239300,76144,362.7722
239400,76144,362.89
239500,76171,362.9869
239600,76170,363.1398
239700,76160,363.2447
239800,76165,363.351
239900,76169,363.467
240000,76185,363.6026
240100,76196,363.7288
240200,76199,363.8564
240300,76220,363.9586
240400,76248,364.0625
240500,76255,364.195
240600,76264,364.3129
240700,76266,364.4447
240800,76262,364.5712
240900,76251,364.6809
241000,76270,364.8035
241100,76294,364.8889
241200,76286,365.039
241300,76285,365.1563
241400,76292,365.2866
241500,76303,365.4203
241600,76293,365.535
241700,76305,365.6471
241800,76325,365.7696
241900,76331,365.9
242000,76356,366.0249
242100,76373,366.136
242200,76388,366.2715
242300,76387,366.3779
242400,76389,366.4738
242500,76402,366.6033
242600,76401,366.7275
242700,76417,366.8508
242800,76413,366.9678
242900,76430,367.118
243000,76451,367.2147
243100,76463,367.3172
243200,76463,367.4168
243300,76472,367.5607
243400,76486,367.6831
243500,76492,367.8161
243600,76493,367.9318
243700,76523,368.0388
243800,76527,368.1577
243900,76519,368.313
244000,76534,368.4485
244100,76531,368.5773
244200,76557,368.7
244300,76560,368.8129
244400,76572,368.9599
244500,76577,369.0529
244600,76599,369.1531
244700,76611,369.266
244800,76610,369.3832
244900,76610,369.5009
245000,76626,369.62
245100,76644,369.7132
245200,76646,369.8125
245300,76653,369.9042
245400,76642,369.9921
245500,76655,370.1142
245600,76654,370.2429
245700,76675,370.3876
245800,76704,370.5161
245900,76711,370.6491
246000,76729,370.745
246100,76764,370.8862
246200,76747,371.0211
246300,76757,371.1014
246400,76750,371.2314
246500,76746,371.3286
246600,76740,371.4218
246700,76762,371.5515
246800,76789,371.6723
246900,76810,371.8063
247000,76834,371.9385
247100,76845,372.0683
247200,76855,372.1719
247300,76876,372.2985
247400,76887,372.4064
247500,76898,372.4985
247600,76919,372.5998
247700,76940,372.7459
247800,76967,372.8288
247900,76962,372.9524
248000,76964,373.0388
248100,77002,373.1659
248200,77035,373.3224
248300,77025,373.4168
248400,77051,373.523
248500,77065,373.6527
248600,77083,373.7834
248700,77094,373.8772
248800,77100,373.979
248900,77125,374.1011
249000,77113,374.2201
249100,77112,374.3363
249200,77133,374.4507
249300,77156,374.5338
249400,77174,374.6716
249500,77162,374.7706
249600,77202,374.8036
249700,77217,374.8847
249800,77230,375.0056
249900,77231,375.121
250000,77247,375.2496
250100,77251,375.3569
250200,77268,375.4594
250300,77259,375.5835
250400,77265,375.6948
250500,77270,375.7859
250600,77277,375.9012
250700,77287,376.0318
250800,77285,376.1425
250900,77316,376.2206
251000,77324,376.3187
251100,77328,376.4267
251200,77331,376.5423
251300,77343,376.6145
251400,77349,376.7316
251500,77371,376.8479
251600,77354,376.9427
251700,77367,377.0453
251800,77400,377.1772
251900,77414,377.3005
252000,77419,377.4221
252100,77433,377.542
252200,77446,377.6238
252300,77440,377.7065
252400,77456,377.7934
252500,77450,377.9144
252600,77469,378.0397
252700,77488,378.1649
252800,77512,378.2871
252900,77503,378.4047
253000,77501,378.5425
253100,77508,378.6731
253200,77535,378.7917
253300,77545,378.9218
253400,77563,379.0323
253500,77595,379.1454
253600,77585,379.2805
253700,77598,379.3859
253800,77617,379.4977
253900,77639,379.6035
254000,77661,379.6708
254100,77680,379.7514
254200,77688,379.8405
254300,77708,379.9716
254400,77715,380.0493
254500,77737,380.1811
254600,77775,380.2929
254700,77786,380.3835
254800,77810,380.4984
254900,77834,380.5827
255000,77822,380.6927
255100,77850,380.782
255200,77848,380.8324
255300,77854,380.9402
255400,77862,381.0542
255500,77877,381.1782
255600,77888,381.2954
255700,77878,381.3832
255800,77887,381.5046
255900,77892,381.5917
256000,77894,381.6954
256100,77904,381.8289
256200,77928,381.9444
256300,77956,382.0313
256400,77969,382.1546
256500,77985,382.2195
256600,78006,382.3395
256700,78020,382.4721
256800,78033,382.4177
256900,78055,382.5493
257000,78065,382.6647
257100,78074,382.759
257200,78072,382.8934
257300,78061,383.0124
